ts_event,Underlying,Product_Type,Exchange,volume
2014/01/02,QQQ,S,CBOE,47520
2014/01/03,QQQ,S,CBOE,61753
2014/01/06,QQQ,S,CBOE,41637
2014/01/07,QQQ,S,CBOE,104042
2014/01/08,QQQ,S,CBOE,81340
2014/01/09,QQQ,S,CBOE,61168
2014/01/10,QQQ,S,CBOE,67192
2014/01/13,QQQ,S,CBOE,94330
2014/01/14,QQQ,S,CBOE,97563
2014/01/15,QQQ,S,CBOE,119343
2014/01/16,QQQ,S,CBOE,148191
2014/01/17,QQQ,S,CBOE,87983
2014/01/21,QQQ,S,CBOE,50285
2014/01/22,QQQ,S,CBOE,44467
2014/01/23,QQQ,S,CBOE,76445
2014/01/24,QQQ,S,CBOE,112465
2014/01/27,QQQ,S,CBOE,139828
2014/01/28,QQQ,S,CBOE,91832
2014/01/29,QQQ,S,CBOE,86920
2014/01/30,QQQ,S,CBOE,416805
2014/01/31,QQQ,S,CBOE,174468
2014/02/03,QQQ,S,CBOE,107479
2014/02/04,QQQ,S,CBOE,156898
2014/02/05,QQQ,S,CBOE,172594
2014/02/06,QQQ,S,CBOE,84771
2014/02/07,QQQ,S,CBOE,95880
2014/02/10,QQQ,S,CBOE,72817
2014/02/11,QQQ,S,CBOE,90054
2014/02/12,QQQ,S,CBOE,84103
2014/02/13,QQQ,S,CBOE,104738
2014/02/14,QQQ,S,CBOE,120044
2014/02/18,QQQ,S,CBOE,103704
2014/02/19,QQQ,S,CBOE,82735
2014/02/20,QQQ,S,CBOE,76570
2014/02/21,QQQ,S,CBOE,106496
2014/02/24,QQQ,S,CBOE,102105
2014/02/25,QQQ,S,CBOE,97750
2014/02/26,QQQ,S,CBOE,120729
2014/02/27,QQQ,S,CBOE,79062
2014/02/28,QQQ,S,CBOE,166004
2014/03/03,QQQ,S,CBOE,70753
2014/03/04,QQQ,S,CBOE,81425
2014/03/05,QQQ,S,CBOE,66954
2014/03/06,QQQ,S,CBOE,88969
2014/03/07,QQQ,S,CBOE,108517
2014/03/10,QQQ,S,CBOE,37947
2014/03/11,QQQ,S,CBOE,70616
2014/03/12,QQQ,S,CBOE,82384
2014/03/13,QQQ,S,CBOE,111220
2014/03/14,QQQ,S,CBOE,120456
2014/03/17,QQQ,S,CBOE,49857
2014/03/18,QQQ,S,CBOE,62108
2014/03/19,QQQ,S,CBOE,90170
2014/03/20,QQQ,S,CBOE,98705
2014/03/21,QQQ,S,CBOE,156306
2014/03/24,QQQ,S,CBOE,99117
2014/03/25,QQQ,S,CBOE,56993
2014/03/26,QQQ,S,CBOE,77950
2014/03/27,QQQ,S,CBOE,115395
2014/03/28,QQQ,S,CBOE,116158
2014/03/31,QQQ,S,CBOE,77559
2014/04/01,QQQ,S,CBOE,120741
2014/04/02,QQQ,S,CBOE,64274
2014/04/03,QQQ,S,CBOE,74256
2014/04/04,QQQ,S,CBOE,260355
2014/04/07,QQQ,S,CBOE,157706
2014/04/08,QQQ,S,CBOE,132962
2014/04/09,QQQ,S,CBOE,156196
2014/04/10,QQQ,S,CBOE,246845
2014/04/11,QQQ,S,CBOE,248402
2014/04/14,QQQ,S,CBOE,93231
2014/04/15,QQQ,S,CBOE,191495
2014/04/16,QQQ,S,CBOE,136582
2014/04/17,QQQ,S,CBOE,135576
2014/04/21,QQQ,S,CBOE,98670
2014/04/22,QQQ,S,CBOE,81124
2014/04/23,QQQ,S,CBOE,122846
2014/04/24,QQQ,S,CBOE,145328
2014/04/25,QQQ,S,CBOE,185042
2014/04/28,QQQ,S,CBOE,126754
2014/04/29,QQQ,S,CBOE,89370
2014/04/30,QQQ,S,CBOE,86318
2014/05/01,QQQ,S,CBOE,91979
2014/05/02,QQQ,S,CBOE,112252
2014/05/05,QQQ,S,CBOE,70534
2014/05/06,QQQ,S,CBOE,63628
2014/05/07,QQQ,S,CBOE,139809
2014/05/08,QQQ,S,CBOE,133145
2014/05/09,QQQ,S,CBOE,133165
2014/05/12,QQQ,S,CBOE,111677
2014/05/13,QQQ,S,CBOE,102319
2014/05/14,QQQ,S,CBOE,54182
2014/05/15,QQQ,S,CBOE,124503
2014/05/16,QQQ,S,CBOE,110136
2014/05/19,QQQ,S,CBOE,72179
2014/05/20,QQQ,S,CBOE,74804
2014/05/21,QQQ,S,CBOE,79064
2014/05/22,QQQ,S,CBOE,64357
2014/05/23,QQQ,S,CBOE,62525
2014/05/27,QQQ,S,CBOE,111972
2014/05/28,QQQ,S,CBOE,71506
2014/05/29,QQQ,S,CBOE,67340
2014/05/30,QQQ,S,CBOE,80487
2014/06/02,QQQ,S,CBOE,61048
2014/06/03,QQQ,S,CBOE,45186
2014/06/04,QQQ,S,CBOE,63559
2014/06/05,QQQ,S,CBOE,67086
2014/06/06,QQQ,S,CBOE,75828
2014/06/09,QQQ,S,CBOE,61745
2014/06/10,QQQ,S,CBOE,31588
2014/06/11,QQQ,S,CBOE,57271
2014/06/12,QQQ,S,CBOE,94403
2014/06/13,QQQ,S,CBOE,58455
2014/06/16,QQQ,S,CBOE,54642
2014/06/17,QQQ,S,CBOE,39208
2014/06/18,QQQ,S,CBOE,47720
2014/06/19,QQQ,S,CBOE,67812
2014/06/20,QQQ,S,CBOE,68756
2014/06/23,QQQ,S,CBOE,88267
2014/06/24,QQQ,S,CBOE,103258
2014/06/25,QQQ,S,CBOE,52839
2014/06/26,QQQ,S,CBOE,63332
2014/06/27,QQQ,S,CBOE,52074
2014/06/30,QQQ,S,CBOE,98253
2014/07/01,QQQ,S,CBOE,95575
2014/07/02,QQQ,S,CBOE,37349
2014/07/03,QQQ,S,CBOE,49450
2014/07/07,QQQ,S,CBOE,63561
2014/07/08,QQQ,S,CBOE,155126
2014/07/09,QQQ,S,CBOE,78347
2014/07/10,QQQ,S,CBOE,109142
2014/07/11,QQQ,S,CBOE,89631
2014/07/14,QQQ,S,CBOE,80946
2014/07/15,QQQ,S,CBOE,98337
2014/07/16,QQQ,S,CBOE,47353
2014/07/17,QQQ,S,CBOE,193627
2014/07/18,QQQ,S,CBOE,166437
2014/07/21,QQQ,S,CBOE,68553
2014/07/22,QQQ,S,CBOE,57229
2014/07/23,QQQ,S,CBOE,121275
2014/07/24,QQQ,S,CBOE,65415
2014/07/25,QQQ,S,CBOE,67629
2014/07/28,QQQ,S,CBOE,64994
2014/07/29,QQQ,S,CBOE,66116
2014/07/30,QQQ,S,CBOE,64106
2014/07/31,QQQ,S,CBOE,170128
2014/08/01,QQQ,S,CBOE,119503
2014/08/04,QQQ,S,CBOE,85113
2014/08/05,QQQ,S,CBOE,98978
2014/08/06,QQQ,S,CBOE,61947
2014/08/07,QQQ,S,CBOE,80120
2014/08/08,QQQ,S,CBOE,93185
2014/08/11,QQQ,S,CBOE,67398
2014/08/12,QQQ,S,CBOE,51615
2014/08/13,QQQ,S,CBOE,92165
2014/08/14,QQQ,S,CBOE,96515
2014/08/15,QQQ,S,CBOE,145116
2014/08/18,QQQ,S,CBOE,129399
2014/08/19,QQQ,S,CBOE,71842
2014/08/20,QQQ,S,CBOE,64762
2014/08/21,QQQ,S,CBOE,49584
2014/08/22,QQQ,S,CBOE,67782
2014/08/25,QQQ,S,CBOE,76808
2014/08/26,QQQ,S,CBOE,75687
2014/08/27,QQQ,S,CBOE,73263
2014/08/28,QQQ,S,CBOE,45336
2014/08/29,QQQ,S,CBOE,80018
2014/09/02,QQQ,S,CBOE,65623
2014/09/03,QQQ,S,CBOE,102203
2014/09/04,QQQ,S,CBOE,79464
2014/09/05,QQQ,S,CBOE,71737
2014/09/08,QQQ,S,CBOE,114285
2014/09/09,QQQ,S,CBOE,139903
2014/09/10,QQQ,S,CBOE,126423
2014/09/11,QQQ,S,CBOE,120266
2014/09/12,QQQ,S,CBOE,94013
2014/09/15,QQQ,S,CBOE,134950
2014/09/16,QQQ,S,CBOE,96752
2014/09/17,QQQ,S,CBOE,96400
2014/09/18,QQQ,S,CBOE,108777
2014/09/19,QQQ,S,CBOE,124598
2014/09/22,QQQ,S,CBOE,114466
2014/09/23,QQQ,S,CBOE,75385
2014/09/24,QQQ,S,CBOE,112710
2014/09/25,QQQ,S,CBOE,150392
2014/09/26,QQQ,S,CBOE,106738
2014/09/29,QQQ,S,CBOE,81792
2014/09/30,QQQ,S,CBOE,103611
2014/10/01,QQQ,S,CBOE,132083
2014/10/02,QQQ,S,CBOE,165203
2014/10/03,QQQ,S,CBOE,118983
2014/10/06,QQQ,S,CBOE,107058
2014/10/07,QQQ,S,CBOE,110372
2014/10/08,QQQ,S,CBOE,169984
2014/10/09,QQQ,S,CBOE,256822
2014/10/10,QQQ,S,CBOE,343353
2014/10/13,QQQ,S,CBOE,155192
2014/10/14,QQQ,S,CBOE,152027
2014/10/15,QQQ,S,CBOE,255474
2014/10/16,QQQ,S,CBOE,188272
2014/10/17,QQQ,S,CBOE,184029
2014/10/20,QQQ,S,CBOE,90627
2014/10/21,QQQ,S,CBOE,283316
2014/10/22,QQQ,S,CBOE,141053
2014/10/23,QQQ,S,CBOE,160582
2014/10/24,QQQ,S,CBOE,100782
2014/10/27,QQQ,S,CBOE,78575
2014/10/28,QQQ,S,CBOE,110749
2014/10/29,QQQ,S,CBOE,101313
2014/10/30,QQQ,S,CBOE,74414
2014/10/31,QQQ,S,CBOE,137484
2014/11/03,QQQ,S,CBOE,72383
2014/11/04,QQQ,S,CBOE,73825
2014/11/05,QQQ,S,CBOE,54326
2014/11/06,QQQ,S,CBOE,89482
2014/11/07,QQQ,S,CBOE,68240
2014/11/10,QQQ,S,CBOE,64766
2014/11/11,QQQ,S,CBOE,55260
2014/11/12,QQQ,S,CBOE,69507
2014/11/13,QQQ,S,CBOE,80611
2014/11/14,QQQ,S,CBOE,103727
2014/11/17,QQQ,S,CBOE,69447
2014/11/18,QQQ,S,CBOE,76833
2014/11/19,QQQ,S,CBOE,50960
2014/11/20,QQQ,S,CBOE,83239
2014/11/21,QQQ,S,CBOE,132576
2014/11/24,QQQ,S,CBOE,64153
2014/11/25,QQQ,S,CBOE,57108
2014/11/26,QQQ,S,CBOE,48909
2014/11/28,QQQ,S,CBOE,54282
2014/12/01,QQQ,S,CBOE,101640
2014/12/02,QQQ,S,CBOE,60262
2014/12/03,QQQ,S,CBOE,39326
2014/12/04,QQQ,S,CBOE,72538
2014/12/05,QQQ,S,CBOE,76397
2014/12/08,QQQ,S,CBOE,117476
2014/12/09,QQQ,S,CBOE,94955
2014/12/10,QQQ,S,CBOE,123678
2014/12/11,QQQ,S,CBOE,131784
2014/12/12,QQQ,S,CBOE,143057
2014/12/15,QQQ,S,CBOE,108722
2014/12/16,QQQ,S,CBOE,152206
2014/12/17,QQQ,S,CBOE,141292
2014/12/18,QQQ,S,CBOE,155666
2014/12/19,QQQ,S,CBOE,92495
2014/12/22,QQQ,S,CBOE,69513
2014/12/23,QQQ,S,CBOE,74302
2014/12/24,QQQ,S,CBOE,28130
2014/12/26,QQQ,S,CBOE,51545
2014/12/29,QQQ,S,CBOE,46427
2014/12/30,QQQ,S,CBOE,38821
2014/12/31,QQQ,S,CBOE,94622
2015/01/02,QQQ,S,CBOE,113857
2015/01/05,QQQ,S,CBOE,86797
2015/01/06,QQQ,S,CBOE,108145
2015/01/07,QQQ,S,CBOE,84151
2015/01/08,QQQ,S,CBOE,116816
2015/01/09,QQQ,S,CBOE,150412
2015/01/12,QQQ,S,CBOE,100737
2015/01/13,QQQ,S,CBOE,176356
2015/01/14,QQQ,S,CBOE,125059
2015/01/15,QQQ,S,CBOE,234792
2015/01/16,QQQ,S,CBOE,137302
2015/01/20,QQQ,S,CBOE,73668
2015/01/21,QQQ,S,CBOE,62144
2015/01/22,QQQ,S,CBOE,112134
2015/01/23,QQQ,S,CBOE,85454
2015/01/26,QQQ,S,CBOE,63818
2015/01/27,QQQ,S,CBOE,134335
2015/01/28,QQQ,S,CBOE,136295
2015/01/29,QQQ,S,CBOE,104297
2015/01/30,QQQ,S,CBOE,106250
2015/02/02,QQQ,S,CBOE,112206
2015/02/03,QQQ,S,CBOE,79795
2015/02/04,QQQ,S,CBOE,81516
2015/02/05,QQQ,S,CBOE,66414
2015/02/06,QQQ,S,CBOE,73252
2015/02/09,QQQ,S,CBOE,55365
2015/02/10,QQQ,S,CBOE,74496
2015/02/11,QQQ,S,CBOE,63034
2015/02/12,QQQ,S,CBOE,89311
2015/02/13,QQQ,S,CBOE,117128
2015/02/17,QQQ,S,CBOE,60159
2015/02/18,QQQ,S,CBOE,50137
2015/02/19,QQQ,S,CBOE,71870
2015/02/20,QQQ,S,CBOE,97967
2015/02/23,QQQ,S,CBOE,52058
2015/02/24,QQQ,S,CBOE,85426
2015/02/25,QQQ,S,CBOE,78124
2015/02/26,QQQ,S,CBOE,68607
2015/02/27,QQQ,S,CBOE,91731
2015/03/02,QQQ,S,CBOE,54724
2015/03/03,QQQ,S,CBOE,67748
2015/03/04,QQQ,S,CBOE,73826
2015/03/05,QQQ,S,CBOE,59327
2015/03/06,QQQ,S,CBOE,160312
2015/03/09,QQQ,S,CBOE,99449
2015/03/10,QQQ,S,CBOE,105200
2015/03/11,QQQ,S,CBOE,75539
2015/03/12,QQQ,S,CBOE,64209
2015/03/13,QQQ,S,CBOE,111826
2015/03/16,QQQ,S,CBOE,83748
2015/03/17,QQQ,S,CBOE,52573
2015/03/18,QQQ,S,CBOE,115289
2015/03/19,QQQ,S,CBOE,73526
2015/03/20,QQQ,S,CBOE,63522
2015/03/23,QQQ,S,CBOE,61667
2015/03/24,QQQ,S,CBOE,31979
2015/03/25,QQQ,S,CBOE,151481
2015/03/26,QQQ,S,CBOE,116810
2015/03/27,QQQ,S,CBOE,81695
2015/03/30,QQQ,S,CBOE,48226
2015/03/31,QQQ,S,CBOE,84069
2015/04/01,QQQ,S,CBOE,77207
2015/04/02,QQQ,S,CBOE,65396
2015/04/06,QQQ,S,CBOE,63348
2015/04/07,QQQ,S,CBOE,44190
2015/04/08,QQQ,S,CBOE,51542
2015/04/09,QQQ,S,CBOE,66365
2015/04/10,QQQ,S,CBOE,67765
2015/04/13,QQQ,S,CBOE,79283
2015/04/14,QQQ,S,CBOE,65376
2015/04/15,QQQ,S,CBOE,55951
2015/04/16,QQQ,S,CBOE,73011
2015/04/17,QQQ,S,CBOE,128571
2015/04/20,QQQ,S,CBOE,94252
2015/04/21,QQQ,S,CBOE,52179
2015/04/22,QQQ,S,CBOE,42129
2015/04/23,QQQ,S,CBOE,88535
2015/04/24,QQQ,S,CBOE,124114
2015/04/27,QQQ,S,CBOE,80060
2015/04/28,QQQ,S,CBOE,85392
2015/04/29,QQQ,S,CBOE,76082
2015/04/30,QQQ,S,CBOE,131158
2015/05/01,QQQ,S,CBOE,93198
2015/05/04,QQQ,S,CBOE,43897
2015/05/05,QQQ,S,CBOE,126553
2015/05/06,QQQ,S,CBOE,110418
2015/05/07,QQQ,S,CBOE,74654
2015/05/08,QQQ,S,CBOE,97475
2015/05/11,QQQ,S,CBOE,49233
2015/05/12,QQQ,S,CBOE,86014
2015/05/13,QQQ,S,CBOE,66462
2015/05/14,QQQ,S,CBOE,72884
2015/05/15,QQQ,S,CBOE,47978
2015/05/18,QQQ,S,CBOE,35505
2015/05/19,QQQ,S,CBOE,113072
2015/05/20,QQQ,S,CBOE,44737
2015/05/21,QQQ,S,CBOE,52560
2015/05/22,QQQ,S,CBOE,71597
2015/05/26,QQQ,S,CBOE,73759
2015/05/27,QQQ,S,CBOE,69381
2015/05/28,QQQ,S,CBOE,58688
2015/05/29,QQQ,S,CBOE,85910
2015/06/01,QQQ,S,CBOE,61082
2015/06/02,QQQ,S,CBOE,54361
2015/06/03,QQQ,S,CBOE,72908
2015/06/04,QQQ,S,CBOE,99338
2015/06/05,QQQ,S,CBOE,82520
2015/06/08,QQQ,S,CBOE,78702
2015/06/09,QQQ,S,CBOE,129587
2015/06/10,QQQ,S,CBOE,85206
2015/06/11,QQQ,S,CBOE,168038
2015/06/12,QQQ,S,CBOE,93623
2015/06/15,QQQ,S,CBOE,78910
2015/06/16,QQQ,S,CBOE,51141
2015/06/17,QQQ,S,CBOE,76298
2015/06/18,QQQ,S,CBOE,124650
2015/06/19,QQQ,S,CBOE,92745
2015/06/22,QQQ,S,CBOE,54127
2015/06/23,QQQ,S,CBOE,37767
2015/06/24,QQQ,S,CBOE,50519
2015/06/25,QQQ,S,CBOE,62131
2015/06/26,QQQ,S,CBOE,92648
2015/06/29,QQQ,S,CBOE,126313
2015/06/30,QQQ,S,CBOE,92954
2015/07/01,QQQ,S,CBOE,64719
2015/07/02,QQQ,S,CBOE,76559
2015/07/06,QQQ,S,CBOE,45680
2015/07/07,QQQ,S,CBOE,81400
2015/07/08,QQQ,S,CBOE,68622
2015/07/09,QQQ,S,CBOE,71439
2015/07/10,QQQ,S,CBOE,76781
2015/07/13,QQQ,S,CBOE,74387
2015/07/14,QQQ,S,CBOE,56977
2015/07/15,QQQ,S,CBOE,49862
2015/07/16,QQQ,S,CBOE,61179
2015/07/17,QQQ,S,CBOE,98879
2015/07/20,QQQ,S,CBOE,88692
2015/07/21,QQQ,S,CBOE,81906
2015/07/22,QQQ,S,CBOE,69671
2015/07/23,QQQ,S,CBOE,52087
2015/07/24,QQQ,S,CBOE,138874
2015/07/27,QQQ,S,CBOE,71456
2015/07/28,QQQ,S,CBOE,58404
2015/07/29,QQQ,S,CBOE,74906
2015/07/30,QQQ,S,CBOE,73308
2015/07/31,QQQ,S,CBOE,71729
2015/08/03,QQQ,S,CBOE,55330
2015/08/04,QQQ,S,CBOE,83568
2015/08/05,QQQ,S,CBOE,60702
2015/08/06,QQQ,S,CBOE,169020
2015/08/07,QQQ,S,CBOE,87018
2015/08/10,QQQ,S,CBOE,49820
2015/08/11,QQQ,S,CBOE,74976
2015/08/12,QQQ,S,CBOE,148278
2015/08/13,QQQ,S,CBOE,70740
2015/08/14,QQQ,S,CBOE,70605
2015/08/17,QQQ,S,CBOE,55077
2015/08/18,QQQ,S,CBOE,41095
2015/08/19,QQQ,S,CBOE,83463
2015/08/20,QQQ,S,CBOE,122929
2015/08/21,QQQ,S,CBOE,183992
2015/08/24,QQQ,S,CBOE,183696
2015/08/25,QQQ,S,CBOE,110692
2015/08/26,QQQ,S,CBOE,229405
2015/08/27,QQQ,S,CBOE,125941
2015/08/28,QQQ,S,CBOE,103200
2015/08/31,QQQ,S,CBOE,48768
2015/09/01,QQQ,S,CBOE,137694
2015/09/02,QQQ,S,CBOE,109201
2015/09/03,QQQ,S,CBOE,130279
2015/09/04,QQQ,S,CBOE,82497
2015/09/08,QQQ,S,CBOE,94798
2015/09/09,QQQ,S,CBOE,96876
2015/09/10,QQQ,S,CBOE,86020
2015/09/11,QQQ,S,CBOE,96491
2015/09/14,QQQ,S,CBOE,35409
2015/09/15,QQQ,S,CBOE,52250
2015/09/16,QQQ,S,CBOE,108853
2015/09/17,QQQ,S,CBOE,124443
2015/09/18,QQQ,S,CBOE,98914
2015/09/21,QQQ,S,CBOE,45697
2015/09/22,QQQ,S,CBOE,83329
2015/09/23,QQQ,S,CBOE,47230
2015/09/24,QQQ,S,CBOE,115526
2015/09/25,QQQ,S,CBOE,95323
2015/09/28,QQQ,S,CBOE,115252
2015/09/29,QQQ,S,CBOE,114120
2015/09/30,QQQ,S,CBOE,84408
2015/10/01,QQQ,S,CBOE,60802
2015/10/02,QQQ,S,CBOE,127524
2015/10/05,QQQ,S,CBOE,73502
2015/10/06,QQQ,S,CBOE,70957
2015/10/07,QQQ,S,CBOE,54688
2015/10/08,QQQ,S,CBOE,128695
2015/10/09,QQQ,S,CBOE,67065
2015/10/12,QQQ,S,CBOE,22983
2015/10/13,QQQ,S,CBOE,46608
2015/10/14,QQQ,S,CBOE,74764
2015/10/15,QQQ,S,CBOE,54457
2015/10/16,QQQ,S,CBOE,81386
2015/10/19,QQQ,S,CBOE,39947
2015/10/20,QQQ,S,CBOE,43505
2015/10/21,QQQ,S,CBOE,58361
2015/10/22,QQQ,S,CBOE,75234
2015/10/23,QQQ,S,CBOE,127638
2015/10/26,QQQ,S,CBOE,34750
2015/10/27,QQQ,S,CBOE,48393
2015/10/28,QQQ,S,CBOE,76836
2015/10/29,QQQ,S,CBOE,56455
2015/10/30,QQQ,S,CBOE,49869
2015/11/02,QQQ,S,CBOE,50515
2015/11/03,QQQ,S,CBOE,47083
2015/11/04,QQQ,S,CBOE,48527
2015/11/05,QQQ,S,CBOE,48147
2015/11/06,QQQ,S,CBOE,68257
2015/11/09,QQQ,S,CBOE,53871
2015/11/10,QQQ,S,CBOE,47704
2015/11/11,QQQ,S,CBOE,38832
2015/11/12,QQQ,S,CBOE,50935
2015/11/13,QQQ,S,CBOE,146374
2015/11/16,QQQ,S,CBOE,49465
2015/11/17,QQQ,S,CBOE,99859
2015/11/18,QQQ,S,CBOE,53235
2015/11/19,QQQ,S,CBOE,45171
2015/11/20,QQQ,S,CBOE,64751
2015/11/23,QQQ,S,CBOE,44460
2015/11/24,QQQ,S,CBOE,36580
2015/11/25,QQQ,S,CBOE,18287
2015/11/27,QQQ,S,CBOE,15418
2015/11/30,QQQ,S,CBOE,24149
2015/12/01,QQQ,S,CBOE,28827
2015/12/02,QQQ,S,CBOE,71609
2015/12/03,QQQ,S,CBOE,83731
2015/12/04,QQQ,S,CBOE,84431
2015/12/07,QQQ,S,CBOE,30969
2015/12/08,QQQ,S,CBOE,61791
2015/12/09,QQQ,S,CBOE,80763
2015/12/10,QQQ,S,CBOE,48661
2015/12/11,QQQ,S,CBOE,138669
2015/12/14,QQQ,S,CBOE,102531
2015/12/15,QQQ,S,CBOE,44950
2015/12/16,QQQ,S,CBOE,53325
2015/12/17,QQQ,S,CBOE,67728
2015/12/18,QQQ,S,CBOE,82546
2015/12/21,QQQ,S,CBOE,61484
2015/12/22,QQQ,S,CBOE,22695
2015/12/23,QQQ,S,CBOE,24798
2015/12/24,QQQ,S,CBOE,20993
2015/12/28,QQQ,S,CBOE,20973
2015/12/29,QQQ,S,CBOE,50764
2015/12/30,QQQ,S,CBOE,21063
2015/12/31,QQQ,S,CBOE,52178
2016/01/04,QQQ,S,CBOE,61849
2016/01/05,QQQ,S,CBOE,107203
2016/01/06,QQQ,S,CBOE,61598
2016/01/07,QQQ,S,CBOE,146541
2016/01/08,QQQ,S,CBOE,88899
2016/01/11,QQQ,S,CBOE,95821
2016/01/12,QQQ,S,CBOE,95059
2016/01/13,QQQ,S,CBOE,100368
2016/01/14,QQQ,S,CBOE,102696
2016/01/15,QQQ,S,CBOE,134476
2016/01/19,QQQ,S,CBOE,60972
2016/01/20,QQQ,S,CBOE,254159
2016/01/21,QQQ,S,CBOE,68935
2016/01/22,QQQ,S,CBOE,92872
2016/01/25,QQQ,S,CBOE,38751
2016/01/26,QQQ,S,CBOE,61814
2016/01/27,QQQ,S,CBOE,118569
2016/01/28,QQQ,S,CBOE,49630
2016/01/29,QQQ,S,CBOE,70407
2016/02/01,QQQ,S,CBOE,56293
2016/02/02,QQQ,S,CBOE,59168
2016/02/03,QQQ,S,CBOE,101941
2016/02/04,QQQ,S,CBOE,75879
2016/02/05,QQQ,S,CBOE,148263
2016/02/08,QQQ,S,CBOE,316550
2016/02/09,QQQ,S,CBOE,155969
2016/02/10,QQQ,S,CBOE,76464
2016/02/11,QQQ,S,CBOE,77185
2016/02/12,QQQ,S,CBOE,84899
2016/02/16,QQQ,S,CBOE,57324
2016/02/17,QQQ,S,CBOE,222726
2016/02/18,QQQ,S,CBOE,64879
2016/02/19,QQQ,S,CBOE,81206
2016/02/22,QQQ,S,CBOE,46211
2016/02/23,QQQ,S,CBOE,63254
2016/02/24,QQQ,S,CBOE,102855
2016/02/25,QQQ,S,CBOE,64903
2016/02/26,QQQ,S,CBOE,49972
2016/02/29,QQQ,S,CBOE,71441
2016/03/01,QQQ,S,CBOE,79485
2016/03/02,QQQ,S,CBOE,70604
2016/03/03,QQQ,S,CBOE,57818
2016/03/04,QQQ,S,CBOE,234855
2016/03/07,QQQ,S,CBOE,47734
2016/03/08,QQQ,S,CBOE,78116
2016/03/09,QQQ,S,CBOE,41873
2016/03/10,QQQ,S,CBOE,92409
2016/03/11,QQQ,S,CBOE,64525
2016/03/14,QQQ,S,CBOE,40413
2016/03/15,QQQ,S,CBOE,32519
2016/03/16,QQQ,S,CBOE,53544
2016/03/17,QQQ,S,CBOE,80210
2016/03/18,QQQ,S,CBOE,64396
2016/03/21,QQQ,S,CBOE,32947
2016/03/22,QQQ,S,CBOE,52934
2016/03/23,QQQ,S,CBOE,68830
2016/03/24,QQQ,S,CBOE,45689
2016/03/28,QQQ,S,CBOE,21956
2016/03/29,QQQ,S,CBOE,108495
2016/03/30,QQQ,S,CBOE,34274
2016/03/31,QQQ,S,CBOE,53029
2016/04/01,QQQ,S,CBOE,39240
2016/04/04,QQQ,S,CBOE,44726
2016/04/05,QQQ,S,CBOE,29685
2016/04/06,QQQ,S,CBOE,63897
2016/04/07,QQQ,S,CBOE,76192
2016/04/08,QQQ,S,CBOE,71578
2016/04/11,QQQ,S,CBOE,44397
2016/04/12,QQQ,S,CBOE,38602
2016/04/13,QQQ,S,CBOE,62964
2016/04/14,QQQ,S,CBOE,79109
2016/04/15,QQQ,S,CBOE,48230
2016/04/18,QQQ,S,CBOE,23707
2016/04/19,QQQ,S,CBOE,81506
2016/04/20,QQQ,S,CBOE,35699
2016/04/21,QQQ,S,CBOE,37014
2016/04/22,QQQ,S,CBOE,123294
2016/04/25,QQQ,S,CBOE,47109
2016/04/26,QQQ,S,CBOE,57375
2016/04/27,QQQ,S,CBOE,78380
2016/04/28,QQQ,S,CBOE,62862
2016/04/29,QQQ,S,CBOE,141107
2016/05/02,QQQ,S,CBOE,87826
2016/05/03,QQQ,S,CBOE,32878
2016/05/04,QQQ,S,CBOE,49789
2016/05/05,QQQ,S,CBOE,96352
2016/05/06,QQQ,S,CBOE,84807
2016/05/09,QQQ,S,CBOE,45331
2016/05/10,QQQ,S,CBOE,53324
2016/05/11,QQQ,S,CBOE,59788
2016/05/12,QQQ,S,CBOE,68020
2016/05/13,QQQ,S,CBOE,62396
2016/05/16,QQQ,S,CBOE,34809
2016/05/17,QQQ,S,CBOE,61411
2016/05/18,QQQ,S,CBOE,39194
2016/05/19,QQQ,S,CBOE,59425
2016/05/20,QQQ,S,CBOE,69577
2016/05/23,QQQ,S,CBOE,25312
2016/05/24,QQQ,S,CBOE,48129
2016/05/25,QQQ,S,CBOE,56195
2016/05/26,QQQ,S,CBOE,35551
2016/05/27,QQQ,S,CBOE,46663
2016/05/31,QQQ,S,CBOE,27961
2016/06/01,QQQ,S,CBOE,42012
2016/06/02,QQQ,S,CBOE,38592
2016/06/03,QQQ,S,CBOE,48308
2016/06/06,QQQ,S,CBOE,31242
2016/06/07,QQQ,S,CBOE,37790
2016/06/08,QQQ,S,CBOE,25194
2016/06/09,QQQ,S,CBOE,32787
2016/06/10,QQQ,S,CBOE,62644
2016/06/13,QQQ,S,CBOE,45676
2016/06/14,QQQ,S,CBOE,50076
2016/06/15,QQQ,S,CBOE,33573
2016/06/16,QQQ,S,CBOE,107452
2016/06/17,QQQ,S,CBOE,71702
2016/06/20,QQQ,S,CBOE,59239
2016/06/21,QQQ,S,CBOE,53736
2016/06/22,QQQ,S,CBOE,33053
2016/06/23,QQQ,S,CBOE,76641
2016/06/24,QQQ,S,CBOE,164854
2016/06/27,QQQ,S,CBOE,129000
2016/06/28,QQQ,S,CBOE,56182
2016/06/29,QQQ,S,CBOE,79280
2016/06/30,QQQ,S,CBOE,68606
2016/07/01,QQQ,S,CBOE,56732
2016/07/05,QQQ,S,CBOE,39065
2016/07/06,QQQ,S,CBOE,36374
2016/07/07,QQQ,S,CBOE,70676
2016/07/08,QQQ,S,CBOE,70331
2016/07/11,QQQ,S,CBOE,79546
2016/07/12,QQQ,S,CBOE,49965
2016/07/13,QQQ,S,CBOE,59711
2016/07/14,QQQ,S,CBOE,71990
2016/07/15,QQQ,S,CBOE,72299
2016/07/18,QQQ,S,CBOE,58963
2016/07/19,QQQ,S,CBOE,91330
2016/07/20,QQQ,S,CBOE,79643
2016/07/21,QQQ,S,CBOE,66891
2016/07/22,QQQ,S,CBOE,106767
2016/07/25,QQQ,S,CBOE,74033
2016/07/26,QQQ,S,CBOE,73986
2016/07/27,QQQ,S,CBOE,77130
2016/07/28,QQQ,S,CBOE,55625
2016/07/29,QQQ,S,CBOE,78634
2016/08/01,QQQ,S,CBOE,63940
2016/08/02,QQQ,S,CBOE,77393
2016/08/03,QQQ,S,CBOE,44600
2016/08/04,QQQ,S,CBOE,33867
2016/08/05,QQQ,S,CBOE,92344
2016/08/08,QQQ,S,CBOE,51481
2016/08/09,QQQ,S,CBOE,75785
2016/08/10,QQQ,S,CBOE,93900
2016/08/11,QQQ,S,CBOE,41260
2016/08/12,QQQ,S,CBOE,49888
2016/08/15,QQQ,S,CBOE,48354
2016/08/16,QQQ,S,CBOE,42472
2016/08/17,QQQ,S,CBOE,52519
2016/08/18,QQQ,S,CBOE,51949
2016/08/19,QQQ,S,CBOE,65331
2016/08/22,QQQ,S,CBOE,43870
2016/08/23,QQQ,S,CBOE,50749
2016/08/24,QQQ,S,CBOE,70931
2016/08/25,QQQ,S,CBOE,43579
2016/08/26,QQQ,S,CBOE,124017
2016/08/29,QQQ,S,CBOE,29843
2016/08/30,QQQ,S,CBOE,43401
2016/08/31,QQQ,S,CBOE,140586
2016/09/01,QQQ,S,CBOE,64593
2016/09/02,QQQ,S,CBOE,155740
2016/09/06,QQQ,S,CBOE,52074
2016/09/07,QQQ,S,CBOE,42308
2016/09/08,QQQ,S,CBOE,51270
2016/09/09,QQQ,S,CBOE,113624
2016/09/12,QQQ,S,CBOE,88329
2016/09/13,QQQ,S,CBOE,56236
2016/09/14,QQQ,S,CBOE,60055
2016/09/15,QQQ,S,CBOE,122721
2016/09/16,QQQ,S,CBOE,73446
2016/09/19,QQQ,S,CBOE,46913
2016/09/20,QQQ,S,CBOE,47558
2016/09/21,QQQ,S,CBOE,63636
2016/09/22,QQQ,S,CBOE,92135
2016/09/23,QQQ,S,CBOE,114437
2016/09/26,QQQ,S,CBOE,54813
2016/09/27,QQQ,S,CBOE,59132
2016/09/28,QQQ,S,CBOE,75855
2016/09/29,QQQ,S,CBOE,81223
2016/09/30,QQQ,S,CBOE,60451
2016/10/03,QQQ,S,CBOE,36185
2016/10/04,QQQ,S,CBOE,39201
2016/10/05,QQQ,S,CBOE,32687
2016/10/06,QQQ,S,CBOE,28757
2016/10/07,QQQ,S,CBOE,53389
2016/10/10,QQQ,S,CBOE,47174
2016/10/11,QQQ,S,CBOE,54515
2016/10/12,QQQ,S,CBOE,30539
2016/10/13,QQQ,S,CBOE,47644
2016/10/14,QQQ,S,CBOE,57729
2016/10/17,QQQ,S,CBOE,34314
2016/10/18,QQQ,S,CBOE,35814
2016/10/19,QQQ,S,CBOE,36034
2016/10/20,QQQ,S,CBOE,48541
2016/10/21,QQQ,S,CBOE,68485
2016/10/24,QQQ,S,CBOE,40824
2016/10/25,QQQ,S,CBOE,58198
2016/10/26,QQQ,S,CBOE,68296
2016/10/27,QQQ,S,CBOE,56295
2016/10/28,QQQ,S,CBOE,115265
2016/10/31,QQQ,S,CBOE,39604
2016/11/01,QQQ,S,CBOE,60650
2016/11/02,QQQ,S,CBOE,50938
2016/11/03,QQQ,S,CBOE,135852
2016/11/04,QQQ,S,CBOE,60165
2016/11/07,QQQ,S,CBOE,105780
2016/11/08,QQQ,S,CBOE,113460
2016/11/09,QQQ,S,CBOE,99856
2016/11/10,QQQ,S,CBOE,150517
2016/11/11,QQQ,S,CBOE,96664
2016/11/14,QQQ,S,CBOE,79055
2016/11/15,QQQ,S,CBOE,87488
2016/11/16,QQQ,S,CBOE,33239
2016/11/17,QQQ,S,CBOE,71781
2016/11/18,QQQ,S,CBOE,82279
2016/11/21,QQQ,S,CBOE,34524
2016/11/22,QQQ,S,CBOE,59034
2016/11/23,QQQ,S,CBOE,40529
2016/11/25,QQQ,S,CBOE,29503
2016/11/28,QQQ,S,CBOE,27471
2016/11/29,QQQ,S,CBOE,36480
2016/11/30,QQQ,S,CBOE,42634
2016/12/01,QQQ,S,CBOE,105713
2016/12/02,QQQ,S,CBOE,61069
2016/12/05,QQQ,S,CBOE,39068
2016/12/06,QQQ,S,CBOE,28132
2016/12/07,QQQ,S,CBOE,39902
2016/12/08,QQQ,S,CBOE,52719
2016/12/09,QQQ,S,CBOE,72235
2016/12/12,QQQ,S,CBOE,36723
2016/12/13,QQQ,S,CBOE,109598
2016/12/14,QQQ,S,CBOE,61895
2016/12/15,QQQ,S,CBOE,57539
2016/12/16,QQQ,S,CBOE,43686
2016/12/19,QQQ,S,CBOE,51852
2016/12/20,QQQ,S,CBOE,13477
2016/12/21,QQQ,S,CBOE,44830
2016/12/22,QQQ,S,CBOE,22559
2016/12/23,QQQ,S,CBOE,14452
2016/12/27,QQQ,S,CBOE,29351
2016/12/28,QQQ,S,CBOE,64342
2016/12/29,QQQ,S,CBOE,54890
2016/12/30,QQQ,S,CBOE,121545
2017/01/03,QQQ,S,CBOE,40990
2017/01/04,QQQ,S,CBOE,37793
2017/01/05,QQQ,S,CBOE,33770
2017/01/06,QQQ,S,CBOE,56324
2017/01/09,QQQ,S,CBOE,32566
2017/01/10,QQQ,S,CBOE,60965
2017/01/11,QQQ,S,CBOE,35926
2017/01/12,QQQ,S,CBOE,51797
2017/01/13,QQQ,S,CBOE,47807
2017/01/17,QQQ,S,CBOE,21370
2017/01/18,QQQ,S,CBOE,24030
2017/01/19,QQQ,S,CBOE,33381
2017/01/20,QQQ,S,CBOE,43050
2017/01/23,QQQ,S,CBOE,22059
2017/01/24,QQQ,S,CBOE,31260
2017/01/25,QQQ,S,CBOE,64909
2017/01/26,QQQ,S,CBOE,56063
2017/01/27,QQQ,S,CBOE,46585
2017/01/30,QQQ,S,CBOE,51808
2017/01/31,QQQ,S,CBOE,59477
2017/02/01,QQQ,S,CBOE,45129
2017/02/02,QQQ,S,CBOE,37761
2017/02/03,QQQ,S,CBOE,70251
2017/02/06,QQQ,S,CBOE,24015
2017/02/07,QQQ,S,CBOE,35896
2017/02/08,QQQ,S,CBOE,26072
2017/02/09,QQQ,S,CBOE,79887
2017/02/10,QQQ,S,CBOE,50730
2017/02/13,QQQ,S,CBOE,112934
2017/02/14,QQQ,S,CBOE,36538
2017/02/15,QQQ,S,CBOE,63639
2017/02/16,QQQ,S,CBOE,54654
2017/02/17,QQQ,S,CBOE,49531
2017/02/21,QQQ,S,CBOE,65545
2017/02/22,QQQ,S,CBOE,63729
2017/02/23,QQQ,S,CBOE,93232
2017/02/24,QQQ,S,CBOE,102142
2017/02/27,QQQ,S,CBOE,40724
2017/02/28,QQQ,S,CBOE,37679
2017/03/01,QQQ,S,CBOE,76526
2017/03/02,QQQ,S,CBOE,41126
2017/03/03,QQQ,S,CBOE,56644
2017/03/06,QQQ,S,CBOE,48322
2017/03/07,QQQ,S,CBOE,57763
2017/03/08,QQQ,S,CBOE,58588
2017/03/09,QQQ,S,CBOE,76941
2017/03/10,QQQ,S,CBOE,71135
2017/03/13,QQQ,S,CBOE,45563
2017/03/14,QQQ,S,CBOE,54019
2017/03/15,QQQ,S,CBOE,176013
2017/03/16,QQQ,S,CBOE,66615
2017/03/17,QQQ,S,CBOE,58882
2017/03/20,QQQ,S,CBOE,100694
2017/03/21,QQQ,S,CBOE,116144
2017/03/22,QQQ,S,CBOE,72297
2017/03/23,QQQ,S,CBOE,58237
2017/03/24,QQQ,S,CBOE,79096
2017/03/27,QQQ,S,CBOE,39691
2017/03/28,QQQ,S,CBOE,66562
2017/03/29,QQQ,S,CBOE,36842
2017/03/30,QQQ,S,CBOE,66124
2017/03/31,QQQ,S,CBOE,136222
2017/04/03,QQQ,S,CBOE,56150
2017/04/04,QQQ,S,CBOE,48412
2017/04/05,QQQ,S,CBOE,173671
2017/04/06,QQQ,S,CBOE,79392
2017/04/07,QQQ,S,CBOE,85470
2017/04/10,QQQ,S,CBOE,81935
2017/04/11,QQQ,S,CBOE,139331
2017/04/12,QQQ,S,CBOE,66707
2017/04/13,QQQ,S,CBOE,119862
2017/04/17,QQQ,S,CBOE,43037
2017/04/18,QQQ,S,CBOE,72216
2017/04/19,QQQ,S,CBOE,75835
2017/04/20,QQQ,S,CBOE,67717
2017/04/21,QQQ,S,CBOE,144992
2017/04/24,QQQ,S,CBOE,93186
2017/04/25,QQQ,S,CBOE,109296
2017/04/26,QQQ,S,CBOE,54522
2017/04/27,QQQ,S,CBOE,67417
2017/04/28,QQQ,S,CBOE,86877
2017/05/01,QQQ,S,CBOE,95304
2017/05/02,QQQ,S,CBOE,98785
2017/05/03,QQQ,S,CBOE,52689
2017/05/04,QQQ,S,CBOE,101670
2017/05/05,QQQ,S,CBOE,72166
2017/05/08,QQQ,S,CBOE,49373
2017/05/09,QQQ,S,CBOE,126123
2017/05/10,QQQ,S,CBOE,153449
2017/05/11,QQQ,S,CBOE,68539
2017/05/12,QQQ,S,CBOE,83284
2017/05/15,QQQ,S,CBOE,58847
2017/05/16,QQQ,S,CBOE,86927
2017/05/17,QQQ,S,CBOE,174212
2017/05/18,QQQ,S,CBOE,172378
2017/05/19,QQQ,S,CBOE,115007
2017/05/22,QQQ,S,CBOE,56588
2017/05/23,QQQ,S,CBOE,49539
2017/05/24,QQQ,S,CBOE,88872
2017/05/25,QQQ,S,CBOE,148906
2017/05/26,QQQ,S,CBOE,67974
2017/05/30,QQQ,S,CBOE,131109
2017/05/31,QQQ,S,CBOE,149574
2017/06/01,QQQ,S,CBOE,60286
2017/06/02,QQQ,S,CBOE,140889
2017/06/05,QQQ,S,CBOE,87383
2017/06/06,QQQ,S,CBOE,88313
2017/06/07,QQQ,S,CBOE,40569
2017/06/08,QQQ,S,CBOE,78155
2017/06/09,QQQ,S,CBOE,313426
2017/06/12,QQQ,S,CBOE,346761
2017/06/13,QQQ,S,CBOE,120979
2017/06/14,QQQ,S,CBOE,153911
2017/06/15,QQQ,S,CBOE,206424
2017/06/16,QQQ,S,CBOE,149865
2017/06/19,QQQ,S,CBOE,114980
2017/06/20,QQQ,S,CBOE,140328
2017/06/21,QQQ,S,CBOE,53344
2017/06/22,QQQ,S,CBOE,56982
2017/06/23,QQQ,S,CBOE,161715
2017/06/26,QQQ,S,CBOE,130170
2017/06/27,QQQ,S,CBOE,191206
2017/06/28,QQQ,S,CBOE,176328
2017/06/29,QQQ,S,CBOE,315806
2017/06/30,QQQ,S,CBOE,154944
2017/07/03,QQQ,S,CBOE,70017
2017/07/05,QQQ,S,CBOE,170574
2017/07/06,QQQ,S,CBOE,181518
2017/07/07,QQQ,S,CBOE,139456
2017/07/10,QQQ,S,CBOE,104912
2017/07/11,QQQ,S,CBOE,96559
2017/07/12,QQQ,S,CBOE,132161
2017/07/13,QQQ,S,CBOE,80898
2017/07/14,QQQ,S,CBOE,160183
2017/07/17,QQQ,S,CBOE,168132
2017/07/18,QQQ,S,CBOE,138929
2017/07/19,QQQ,S,CBOE,189654
2017/07/20,QQQ,S,CBOE,282162
2017/07/21,QQQ,S,CBOE,228613
2017/07/24,QQQ,S,CBOE,117471
2017/07/25,QQQ,S,CBOE,84230
2017/07/26,QQQ,S,CBOE,41335
2017/07/27,QQQ,S,CBOE,270709
2017/07/28,QQQ,S,CBOE,166032
2017/07/31,QQQ,S,CBOE,76689
2017/08/01,QQQ,S,CBOE,127935
2017/08/02,QQQ,S,CBOE,151662
2017/08/03,QQQ,S,CBOE,111956
2017/08/04,QQQ,S,CBOE,92735
2017/08/07,QQQ,S,CBOE,114546
2017/08/08,QQQ,S,CBOE,130201
2017/08/09,QQQ,S,CBOE,133347
2017/08/10,QQQ,S,CBOE,295523
2017/08/11,QQQ,S,CBOE,135475
2017/08/14,QQQ,S,CBOE,137419
2017/08/15,QQQ,S,CBOE,148058
2017/08/16,QQQ,S,CBOE,107325
2017/08/17,QQQ,S,CBOE,290885
2017/08/18,QQQ,S,CBOE,232798
2017/08/21,QQQ,S,CBOE,228908
2017/08/22,QQQ,S,CBOE,76909
2017/08/23,QQQ,S,CBOE,58792
2017/08/24,QQQ,S,CBOE,98525
2017/08/25,QQQ,S,CBOE,142311
2017/08/28,QQQ,S,CBOE,52152
2017/08/29,QQQ,S,CBOE,103418
2017/08/30,QQQ,S,CBOE,112516
2017/08/31,QQQ,S,CBOE,169373
2017/09/01,QQQ,S,CBOE,78317
2017/09/05,QQQ,S,CBOE,136815
2017/09/06,QQQ,S,CBOE,139116
2017/09/07,QQQ,S,CBOE,69574
2017/09/08,QQQ,S,CBOE,100479
2017/09/11,QQQ,S,CBOE,72098
2017/09/12,QQQ,S,CBOE,116098
2017/09/13,QQQ,S,CBOE,56041
2017/09/14,QQQ,S,CBOE,159116
2017/09/15,QQQ,S,CBOE,205919
2017/09/18,QQQ,S,CBOE,97257
2017/09/19,QQQ,S,CBOE,54295
2017/09/20,QQQ,S,CBOE,138993
2017/09/21,QQQ,S,CBOE,112430
2017/09/22,QQQ,S,CBOE,136967
2017/09/25,QQQ,S,CBOE,191279
2017/09/26,QQQ,S,CBOE,176454
2017/09/27,QQQ,S,CBOE,127346
2017/09/28,QQQ,S,CBOE,61426
2017/09/29,QQQ,S,CBOE,123007
2017/10/02,QQQ,S,CBOE,272549
2017/10/03,QQQ,S,CBOE,131731
2017/10/04,QQQ,S,CBOE,65785
2017/10/05,QQQ,S,CBOE,107298
2017/10/06,QQQ,S,CBOE,81707
2017/10/09,QQQ,S,CBOE,69003
2017/10/10,QQQ,S,CBOE,66518
2017/10/11,QQQ,S,CBOE,87759
2017/10/12,QQQ,S,CBOE,103286
2017/10/13,QQQ,S,CBOE,122794
2017/10/16,QQQ,S,CBOE,111672
2017/10/17,QQQ,S,CBOE,78676
2017/10/18,QQQ,S,CBOE,91494
2017/10/19,QQQ,S,CBOE,176220
2017/10/20,QQQ,S,CBOE,142553
2017/10/23,QQQ,S,CBOE,121450
2017/10/24,QQQ,S,CBOE,52591
2017/10/25,QQQ,S,CBOE,147126
2017/10/26,QQQ,S,CBOE,98052
2017/10/27,QQQ,S,CBOE,200480
2017/10/30,QQQ,S,CBOE,108303
2017/10/31,QQQ,S,CBOE,101626
2017/11/01,QQQ,S,CBOE,98424
2017/11/02,QQQ,S,CBOE,100998
2017/11/03,QQQ,S,CBOE,98543
2017/11/06,QQQ,S,CBOE,93223
2017/11/07,QQQ,S,CBOE,62084
2017/11/08,QQQ,S,CBOE,70508
2017/11/09,QQQ,S,CBOE,121854
2017/11/10,QQQ,S,CBOE,143299
2017/11/13,QQQ,S,CBOE,71275
2017/11/14,QQQ,S,CBOE,104491
2017/11/15,QQQ,S,CBOE,71295
2017/11/16,QQQ,S,CBOE,115361
2017/11/17,QQQ,S,CBOE,97965
2017/11/20,QQQ,S,CBOE,78439
2017/11/21,QQQ,S,CBOE,99705
2017/11/22,QQQ,S,CBOE,61700
2017/11/24,QQQ,S,CBOE,76984
2017/11/27,QQQ,S,CBOE,123289
2017/11/28,QQQ,S,CBOE,91464
2017/11/29,QQQ,S,CBOE,285306
2017/11/30,QQQ,S,CBOE,108991
2017/12/01,QQQ,S,CBOE,194033
2017/12/04,QQQ,S,CBOE,125273
2017/12/05,QQQ,S,CBOE,88123
2017/12/06,QQQ,S,CBOE,98001
2017/12/07,QQQ,S,CBOE,70798
2017/12/08,QQQ,S,CBOE,111971
2017/12/11,QQQ,S,CBOE,71906
2017/12/12,QQQ,S,CBOE,71724
2017/12/13,QQQ,S,CBOE,79034
2017/12/14,QQQ,S,CBOE,68173
2017/12/15,QQQ,S,CBOE,214836
2017/12/18,QQQ,S,CBOE,109132
2017/12/19,QQQ,S,CBOE,123973
2017/12/20,QQQ,S,CBOE,106309
2017/12/21,QQQ,S,CBOE,45428
2017/12/22,QQQ,S,CBOE,87772
2017/12/26,QQQ,S,CBOE,37578
2017/12/27,QQQ,S,CBOE,58385
2017/12/28,QQQ,S,CBOE,36556
2017/12/29,QQQ,S,CBOE,98148
2018/01/02,QQQ,S,CBOE,80886
2018/01/03,QQQ,S,CBOE,91704
2018/01/04,QQQ,S,CBOE,101398
2018/01/05,QQQ,S,CBOE,218013
2018/01/08,QQQ,S,CBOE,95236
2018/01/09,QQQ,S,CBOE,113890
2018/01/10,QQQ,S,CBOE,194499
2018/01/11,QQQ,S,CBOE,207197
2018/01/12,QQQ,S,CBOE,142526
2018/01/16,QQQ,S,CBOE,127336
2018/01/17,QQQ,S,CBOE,122038
2018/01/18,QQQ,S,CBOE,234607
2018/01/19,QQQ,S,CBOE,83275
2018/01/22,QQQ,S,CBOE,134974
2018/01/23,QQQ,S,CBOE,125684
2018/01/24,QQQ,S,CBOE,218245
2018/01/25,QQQ,S,CBOE,149750
2018/01/26,QQQ,S,CBOE,117895
2018/01/29,QQQ,S,CBOE,174734
2018/01/30,QQQ,S,CBOE,208191
2018/01/31,QQQ,S,CBOE,141891
2018/02/01,QQQ,S,CBOE,153756
2018/02/02,QQQ,S,CBOE,280077
2018/02/05,QQQ,S,CBOE,394521
2018/02/06,QQQ,S,CBOE,194878
2018/02/07,QQQ,S,CBOE,108125
2018/02/08,QQQ,S,CBOE,231134
2018/02/09,QQQ,S,CBOE,232568
2018/02/12,QQQ,S,CBOE,119395
2018/02/13,QQQ,S,CBOE,100732
2018/02/14,QQQ,S,CBOE,140040
2018/02/15,QQQ,S,CBOE,158786
2018/02/16,QQQ,S,CBOE,139129
2018/02/20,QQQ,S,CBOE,91581
2018/02/21,QQQ,S,CBOE,118156
2018/02/22,QQQ,S,CBOE,114877
2018/02/23,QQQ,S,CBOE,156679
2018/02/26,QQQ,S,CBOE,139611
2018/02/27,QQQ,S,CBOE,120892
2018/02/28,QQQ,S,CBOE,89281
2018/03/01,QQQ,S,CBOE,235831
2018/03/02,QQQ,S,CBOE,262413
2018/03/05,QQQ,S,CBOE,92162
2018/03/06,QQQ,S,CBOE,95264
2018/03/07,QQQ,S,CBOE,227707
2018/03/08,QQQ,S,CBOE,92582
2018/03/09,QQQ,S,CBOE,179076
2018/03/12,QQQ,S,CBOE,93253
2018/03/13,QQQ,S,CBOE,250246
2018/03/14,QQQ,S,CBOE,138438
2018/03/15,QQQ,S,CBOE,73353
2018/03/16,QQQ,S,CBOE,71489
2018/03/19,QQQ,S,CBOE,191772
2018/03/20,QQQ,S,CBOE,109825
2018/03/21,QQQ,S,CBOE,109388
2018/03/22,QQQ,S,CBOE,201997
2018/03/23,QQQ,S,CBOE,266540
2018/03/26,QQQ,S,CBOE,160345
2018/03/27,QQQ,S,CBOE,221623
2018/03/28,QQQ,S,CBOE,284977
2018/03/29,QQQ,S,CBOE,206185
2018/04/02,QQQ,S,CBOE,211276
2018/04/03,QQQ,S,CBOE,144817
2018/04/04,QQQ,S,CBOE,179485
2018/04/05,QQQ,S,CBOE,119229
2018/04/06,QQQ,S,CBOE,143546
2018/04/09,QQQ,S,CBOE,124749
2018/04/10,QQQ,S,CBOE,135514
2018/04/11,QQQ,S,CBOE,89241
2018/04/12,QQQ,S,CBOE,147027
2018/04/13,QQQ,S,CBOE,138608
2018/04/16,QQQ,S,CBOE,122489
2018/04/17,QQQ,S,CBOE,183514
2018/04/18,QQQ,S,CBOE,156931
2018/04/19,QQQ,S,CBOE,134266
2018/04/20,QQQ,S,CBOE,147156
2018/04/23,QQQ,S,CBOE,113665
2018/04/24,QQQ,S,CBOE,203166
2018/04/25,QQQ,S,CBOE,207970
2018/04/26,QQQ,S,CBOE,181472
2018/04/27,QQQ,S,CBOE,238911
2018/04/30,QQQ,S,CBOE,110265
2018/05/01,QQQ,S,CBOE,153736
2018/05/02,QQQ,S,CBOE,101498
2018/05/03,QQQ,S,CBOE,136659
2018/05/04,QQQ,S,CBOE,148667
2018/05/07,QQQ,S,CBOE,185345
2018/05/08,QQQ,S,CBOE,97683
2018/05/09,QQQ,S,CBOE,95169
2018/05/10,QQQ,S,CBOE,164132
2018/05/11,QQQ,S,CBOE,116675
2018/05/14,QQQ,S,CBOE,83890
2018/05/15,QQQ,S,CBOE,140077
2018/05/16,QQQ,S,CBOE,80571
2018/05/17,QQQ,S,CBOE,91152
2018/05/18,QQQ,S,CBOE,80838
2018/05/21,QQQ,S,CBOE,69886
2018/05/22,QQQ,S,CBOE,49277
2018/05/23,QQQ,S,CBOE,85467
2018/05/24,QQQ,S,CBOE,70668
2018/05/25,QQQ,S,CBOE,66519
2018/05/29,QQQ,S,CBOE,77787
2018/05/30,QQQ,S,CBOE,82793
2018/05/31,QQQ,S,CBOE,73232
2018/06/01,QQQ,S,CBOE,110612
2018/06/04,QQQ,S,CBOE,123251
2018/06/05,QQQ,S,CBOE,128444
2018/06/06,QQQ,S,CBOE,136406
2018/06/07,QQQ,S,CBOE,104333
2018/06/08,QQQ,S,CBOE,132171
2018/06/11,QQQ,S,CBOE,65227
2018/06/12,QQQ,S,CBOE,68999
2018/06/13,QQQ,S,CBOE,126307
2018/06/14,QQQ,S,CBOE,215412
2018/06/15,QQQ,S,CBOE,120331
2018/06/18,QQQ,S,CBOE,83213
2018/06/19,QQQ,S,CBOE,139139
2018/06/20,QQQ,S,CBOE,95821
2018/06/21,QQQ,S,CBOE,124660
2018/06/22,QQQ,S,CBOE,136117
2018/06/25,QQQ,S,CBOE,213938
2018/06/26,QQQ,S,CBOE,163915
2018/06/27,QQQ,S,CBOE,131523
2018/06/28,QQQ,S,CBOE,131941
2018/06/29,QQQ,S,CBOE,153354
2018/07/02,QQQ,S,CBOE,67337
2018/07/03,QQQ,S,CBOE,79986
2018/07/05,QQQ,S,CBOE,127880
2018/07/06,QQQ,S,CBOE,141596
2018/07/09,QQQ,S,CBOE,91783
2018/07/10,QQQ,S,CBOE,110781
2018/07/11,QQQ,S,CBOE,62493
2018/07/12,QQQ,S,CBOE,147136
2018/07/13,QQQ,S,CBOE,163672
2018/07/16,QQQ,S,CBOE,125142
2018/07/17,QQQ,S,CBOE,128725
2018/07/18,QQQ,S,CBOE,99886
2018/07/19,QQQ,S,CBOE,67282
2018/07/20,QQQ,S,CBOE,150579
2018/07/23,QQQ,S,CBOE,140687
2018/07/24,QQQ,S,CBOE,178156
2018/07/25,QQQ,S,CBOE,112184
2018/07/26,QQQ,S,CBOE,122674
2018/07/27,QQQ,S,CBOE,215705
2018/07/30,QQQ,S,CBOE,308845
2018/07/31,QQQ,S,CBOE,142021
2018/08/01,QQQ,S,CBOE,94387
2018/08/02,QQQ,S,CBOE,229174
2018/08/03,QQQ,S,CBOE,91352
2018/08/06,QQQ,S,CBOE,203456
2018/08/07,QQQ,S,CBOE,110129
2018/08/08,QQQ,S,CBOE,106774
2018/08/09,QQQ,S,CBOE,72818
2018/08/10,QQQ,S,CBOE,126028
2018/08/13,QQQ,S,CBOE,60856
2018/08/14,QQQ,S,CBOE,69582
2018/08/15,QQQ,S,CBOE,140948
2018/08/16,QQQ,S,CBOE,72918
2018/08/17,QQQ,S,CBOE,167791
2018/08/20,QQQ,S,CBOE,57780
2018/08/21,QQQ,S,CBOE,69621
2018/08/22,QQQ,S,CBOE,56468
2018/08/23,QQQ,S,CBOE,75154
2018/08/24,QQQ,S,CBOE,134707
2018/08/27,QQQ,S,CBOE,131894
2018/08/28,QQQ,S,CBOE,64735
2018/08/29,QQQ,S,CBOE,162367
2018/08/30,QQQ,S,CBOE,136009
2018/08/31,QQQ,S,CBOE,97911
2018/09/04,QQQ,S,CBOE,66682
2018/09/05,QQQ,S,CBOE,123038
2018/09/06,QQQ,S,CBOE,180077
2018/09/07,QQQ,S,CBOE,180074
2018/09/10,QQQ,S,CBOE,110297
2018/09/11,QQQ,S,CBOE,71149
2018/09/12,QQQ,S,CBOE,98313
2018/09/13,QQQ,S,CBOE,83563
2018/09/14,QQQ,S,CBOE,95486
2018/09/17,QQQ,S,CBOE,104033
2018/09/18,QQQ,S,CBOE,72931
2018/09/19,QQQ,S,CBOE,75893
2018/09/20,QQQ,S,CBOE,89571
2018/09/21,QQQ,S,CBOE,129494
2018/09/24,QQQ,S,CBOE,52556
2018/09/25,QQQ,S,CBOE,56232
2018/09/26,QQQ,S,CBOE,158017
2018/09/27,QQQ,S,CBOE,87647
2018/09/28,QQQ,S,CBOE,71161
2018/10/01,QQQ,S,CBOE,157355
2018/10/02,QQQ,S,CBOE,52123
2018/10/03,QQQ,S,CBOE,88874
2018/10/04,QQQ,S,CBOE,193923
2018/10/05,QQQ,S,CBOE,251971
2018/10/08,QQQ,S,CBOE,132171
2018/10/09,QQQ,S,CBOE,115157
2018/10/10,QQQ,S,CBOE,316184
2018/10/11,QQQ,S,CBOE,293906
2018/10/12,QQQ,S,CBOE,213813
2018/10/15,QQQ,S,CBOE,174507
2018/10/16,QQQ,S,CBOE,153530
2018/10/17,QQQ,S,CBOE,125905
2018/10/18,QQQ,S,CBOE,161241
2018/10/19,QQQ,S,CBOE,207820
2018/10/22,QQQ,S,CBOE,118101
2018/10/23,QQQ,S,CBOE,175842
2018/10/24,QQQ,S,CBOE,167722
2018/10/25,QQQ,S,CBOE,204787
2018/10/26,QQQ,S,CBOE,262858
2018/10/29,QQQ,S,CBOE,278034
2018/10/30,QQQ,S,CBOE,164961
2018/10/31,QQQ,S,CBOE,251608
2018/11/01,QQQ,S,CBOE,170214
2018/11/02,QQQ,S,CBOE,184064
2018/11/05,QQQ,S,CBOE,84200
2018/11/06,QQQ,S,CBOE,83780
2018/11/07,QQQ,S,CBOE,225881
2018/11/08,QQQ,S,CBOE,133424
2018/11/09,QQQ,S,CBOE,112044
2018/11/12,QQQ,S,CBOE,155945
2018/11/13,QQQ,S,CBOE,98496
2018/11/14,QQQ,S,CBOE,117915
2018/11/15,QQQ,S,CBOE,176955
2018/11/16,QQQ,S,CBOE,161431
2018/11/19,QQQ,S,CBOE,228923
2018/11/20,QQQ,S,CBOE,312319
2018/11/21,QQQ,S,CBOE,81964
2018/11/23,QQQ,S,CBOE,50180
2018/11/26,QQQ,S,CBOE,88172
2018/11/27,QQQ,S,CBOE,99412
2018/11/28,QQQ,S,CBOE,174328
2018/11/29,QQQ,S,CBOE,146376
2018/11/30,QQQ,S,CBOE,109512
2018/12/03,QQQ,S,CBOE,141736
2018/12/04,QQQ,S,CBOE,166670
2018/12/06,QQQ,S,CBOE,145193
2018/12/07,QQQ,S,CBOE,184696
2018/12/10,QQQ,S,CBOE,211086
2018/12/11,QQQ,S,CBOE,136880
2018/12/12,QQQ,S,CBOE,142827
2018/12/13,QQQ,S,CBOE,78224
2018/12/14,QQQ,S,CBOE,136056
2018/12/17,QQQ,S,CBOE,213843
2018/12/18,QQQ,S,CBOE,123799
2018/12/19,QQQ,S,CBOE,130620
2018/12/20,QQQ,S,CBOE,213209
2018/12/21,QQQ,S,CBOE,228422
2018/12/24,QQQ,S,CBOE,69487
2018/12/26,QQQ,S,CBOE,174037
2018/12/27,QQQ,S,CBOE,117016
2018/12/28,QQQ,S,CBOE,124283
2018/12/31,QQQ,S,CBOE,96525
2019/01/02,QQQ,S,CBOE,91176
2019/01/03,QQQ,S,CBOE,137764
2019/01/04,QQQ,S,CBOE,156648
2019/01/07,QQQ,S,CBOE,109975
2019/01/08,QQQ,S,CBOE,98507
2019/01/09,QQQ,S,CBOE,135802
2019/01/10,QQQ,S,CBOE,100691
2019/01/11,QQQ,S,CBOE,131537
2019/01/14,QQQ,S,CBOE,101079
2019/01/15,QQQ,S,CBOE,180679
2019/01/16,QQQ,S,CBOE,77499
2019/01/17,QQQ,S,CBOE,164528
2019/01/18,QQQ,S,CBOE,210507
2019/01/22,QQQ,S,CBOE,133787
2019/01/23,QQQ,S,CBOE,115709
2019/01/24,QQQ,S,CBOE,68533
2019/01/25,QQQ,S,CBOE,109581
2019/01/28,QQQ,S,CBOE,78784
2019/01/29,QQQ,S,CBOE,155089
2019/01/30,QQQ,S,CBOE,78593
2019/01/31,QQQ,S,CBOE,167036
2019/02/01,QQQ,S,CBOE,146703
2019/02/04,QQQ,S,CBOE,122168
2019/02/05,QQQ,S,CBOE,145326
2019/02/06,QQQ,S,CBOE,83194
2019/02/07,QQQ,S,CBOE,125383
2019/02/08,QQQ,S,CBOE,89399
2019/02/11,QQQ,S,CBOE,51844
2019/02/12,QQQ,S,CBOE,91030
2019/02/13,QQQ,S,CBOE,82080
2019/02/14,QQQ,S,CBOE,178690
2019/02/15,QQQ,S,CBOE,85450
2019/02/19,QQQ,S,CBOE,58385
2019/02/20,QQQ,S,CBOE,101736
2019/02/21,QQQ,S,CBOE,73485
2019/02/22,QQQ,S,CBOE,89944
2019/02/25,QQQ,S,CBOE,131151
2019/02/26,QQQ,S,CBOE,46843
2019/02/27,QQQ,S,CBOE,101494
2019/02/28,QQQ,S,CBOE,60248
2019/03/01,QQQ,S,CBOE,67187
2019/03/04,QQQ,S,CBOE,130950
2019/03/05,QQQ,S,CBOE,48696
2019/03/06,QQQ,S,CBOE,44587
2019/03/07,QQQ,S,CBOE,130397
2019/03/08,QQQ,S,CBOE,89874
2019/03/11,QQQ,S,CBOE,94170
2019/03/12,QQQ,S,CBOE,112551
2019/03/13,QQQ,S,CBOE,145204
2019/03/14,QQQ,S,CBOE,97864
2019/03/15,QQQ,S,CBOE,118655
2019/03/18,QQQ,S,CBOE,98335
2019/03/19,QQQ,S,CBOE,114112
2019/03/20,QQQ,S,CBOE,142251
2019/03/21,QQQ,S,CBOE,284943
2019/03/22,QQQ,S,CBOE,165757
2019/03/25,QQQ,S,CBOE,100771
2019/03/26,QQQ,S,CBOE,87373
2019/03/27,QQQ,S,CBOE,64221
2019/03/28,QQQ,S,CBOE,72998
2019/03/29,QQQ,S,CBOE,73452
2019/04/01,QQQ,S,CBOE,65872
2019/04/02,QQQ,S,CBOE,76107
2019/04/03,QQQ,S,CBOE,64329
2019/04/04,QQQ,S,CBOE,70386
2019/04/05,QQQ,S,CBOE,62479
2019/04/08,QQQ,S,CBOE,49046
2019/04/09,QQQ,S,CBOE,71927
2019/04/10,QQQ,S,CBOE,31024
2019/04/11,QQQ,S,CBOE,83258
2019/04/12,QQQ,S,CBOE,121603
2019/04/15,QQQ,S,CBOE,33161
2019/04/16,QQQ,S,CBOE,118723
2019/04/17,QQQ,S,CBOE,99169
2019/04/18,QQQ,S,CBOE,89815
2019/04/22,QQQ,S,CBOE,34264
2019/04/23,QQQ,S,CBOE,196717
2019/04/24,QQQ,S,CBOE,63922
2019/04/25,QQQ,S,CBOE,138202
2019/04/26,QQQ,S,CBOE,75303
2019/04/29,QQQ,S,CBOE,46917
2019/04/30,QQQ,S,CBOE,64062
2019/05/01,QQQ,S,CBOE,92812
2019/05/02,QQQ,S,CBOE,73478
2019/05/03,QQQ,S,CBOE,93277
2019/05/06,QQQ,S,CBOE,113786
2019/05/07,QQQ,S,CBOE,134843
2019/05/08,QQQ,S,CBOE,60585
2019/05/09,QQQ,S,CBOE,196220
2019/05/10,QQQ,S,CBOE,142247
2019/05/13,QQQ,S,CBOE,212876
2019/05/14,QQQ,S,CBOE,86335
2019/05/15,QQQ,S,CBOE,195790
2019/05/16,QQQ,S,CBOE,236640
2019/05/17,QQQ,S,CBOE,93731
2019/05/20,QQQ,S,CBOE,77885
2019/05/21,QQQ,S,CBOE,52827
2019/05/22,QQQ,S,CBOE,64820
2019/05/23,QQQ,S,CBOE,103703
2019/05/24,QQQ,S,CBOE,78755
2019/05/28,QQQ,S,CBOE,90032
2019/05/29,QQQ,S,CBOE,136628
2019/05/30,QQQ,S,CBOE,97244
2019/05/31,QQQ,S,CBOE,141892
2019/06/03,QQQ,S,CBOE,251661
2019/06/04,QQQ,S,CBOE,138647
2019/06/05,QQQ,S,CBOE,106894
2019/06/06,QQQ,S,CBOE,102979
2019/06/07,QQQ,S,CBOE,138512
2019/06/10,QQQ,S,CBOE,111441
2019/06/11,QQQ,S,CBOE,69814
2019/06/12,QQQ,S,CBOE,42184
2019/06/13,QQQ,S,CBOE,59798
2019/06/14,QQQ,S,CBOE,60687
2019/06/17,QQQ,S,CBOE,85822
2019/06/18,QQQ,S,CBOE,104736
2019/06/19,QQQ,S,CBOE,94037
2019/06/20,QQQ,S,CBOE,153998
2019/06/21,QQQ,S,CBOE,115821
2019/06/24,QQQ,S,CBOE,71777
2019/06/25,QQQ,S,CBOE,91269
2019/06/26,QQQ,S,CBOE,70577
2019/06/27,QQQ,S,CBOE,59740
2019/06/28,QQQ,S,CBOE,80291
2019/07/01,QQQ,S,CBOE,81439
2019/07/02,QQQ,S,CBOE,81015
2019/07/03,QQQ,S,CBOE,34394
2019/07/05,QQQ,S,CBOE,57270
2019/07/08,QQQ,S,CBOE,79199
2019/07/09,QQQ,S,CBOE,66801
2019/07/10,QQQ,S,CBOE,73339
2019/07/11,QQQ,S,CBOE,57470
2019/07/12,QQQ,S,CBOE,71013
2019/07/15,QQQ,S,CBOE,65398
2019/07/16,QQQ,S,CBOE,136723
2019/07/17,QQQ,S,CBOE,83027
2019/07/18,QQQ,S,CBOE,89125
2019/07/19,QQQ,S,CBOE,77062
2019/07/22,QQQ,S,CBOE,30105
2019/07/23,QQQ,S,CBOE,73387
2019/07/24,QQQ,S,CBOE,63189
2019/07/25,QQQ,S,CBOE,46178
2019/07/26,QQQ,S,CBOE,56501
2019/07/29,QQQ,S,CBOE,36696
2019/07/30,QQQ,S,CBOE,64292
2019/07/31,QQQ,S,CBOE,144972
2019/08/01,QQQ,S,CBOE,145523
2019/08/02,QQQ,S,CBOE,187026
2019/08/05,QQQ,S,CBOE,184823
2019/08/06,QQQ,S,CBOE,143048
2019/08/07,QQQ,S,CBOE,110845
2019/08/08,QQQ,S,CBOE,129955
2019/08/09,QQQ,S,CBOE,96995
2019/08/12,QQQ,S,CBOE,97341
2019/08/13,QQQ,S,CBOE,124533
2019/08/14,QQQ,S,CBOE,136008
2019/08/15,QQQ,S,CBOE,100249
2019/08/16,QQQ,S,CBOE,92161
2019/08/19,QQQ,S,CBOE,82359
2019/08/20,QQQ,S,CBOE,42141
2019/08/21,QQQ,S,CBOE,85448
2019/08/22,QQQ,S,CBOE,72025
2019/08/23,QQQ,S,CBOE,197812
2019/08/26,QQQ,S,CBOE,60797
2019/08/27,QQQ,S,CBOE,114080
2019/08/28,QQQ,S,CBOE,60417
2019/08/29,QQQ,S,CBOE,118167
2019/08/30,QQQ,S,CBOE,86173
2019/09/03,QQQ,S,CBOE,61417
2019/09/04,QQQ,S,CBOE,53187
2019/09/05,QQQ,S,CBOE,74490
2019/09/06,QQQ,S,CBOE,72543
2019/09/09,QQQ,S,CBOE,88434
2019/09/10,QQQ,S,CBOE,66570
2019/09/11,QQQ,S,CBOE,69416
2019/09/12,QQQ,S,CBOE,73519
2019/09/13,QQQ,S,CBOE,70528
2019/09/16,QQQ,S,CBOE,66441
2019/09/17,QQQ,S,CBOE,62899
2019/09/18,QQQ,S,CBOE,90911
2019/09/19,QQQ,S,CBOE,143881
2019/09/20,QQQ,S,CBOE,102974
2019/09/23,QQQ,S,CBOE,63880
2019/09/24,QQQ,S,CBOE,199787
2019/09/25,QQQ,S,CBOE,103304
2019/09/26,QQQ,S,CBOE,88039
2019/09/27,QQQ,S,CBOE,185862
2019/09/30,QQQ,S,CBOE,55757
2019/10/01,QQQ,S,CBOE,72088
2019/10/02,QQQ,S,CBOE,127191
2019/10/03,QQQ,S,CBOE,115430
2019/10/04,QQQ,S,CBOE,83258
2019/10/07,QQQ,S,CBOE,38872
2019/10/08,QQQ,S,CBOE,103111
2019/10/09,QQQ,S,CBOE,47181
2019/10/10,QQQ,S,CBOE,52049
2019/10/11,QQQ,S,CBOE,108764
2019/10/14,QQQ,S,CBOE,27144
2019/10/15,QQQ,S,CBOE,70426
2019/10/16,QQQ,S,CBOE,59282
2019/10/17,QQQ,S,CBOE,52498
2019/10/18,QQQ,S,CBOE,122613
2019/10/21,QQQ,S,CBOE,45728
2019/10/22,QQQ,S,CBOE,71329
2019/10/23,QQQ,S,CBOE,46270
2019/10/24,QQQ,S,CBOE,54079
2019/10/25,QQQ,S,CBOE,90819
2019/10/28,QQQ,S,CBOE,50584
2019/10/29,QQQ,S,CBOE,56418
2019/10/30,QQQ,S,CBOE,64645
2019/10/31,QQQ,S,CBOE,64525
2019/11/01,QQQ,S,CBOE,77928
2019/11/04,QQQ,S,CBOE,66260
2019/11/05,QQQ,S,CBOE,57979
2019/11/06,QQQ,S,CBOE,82875
2019/11/07,QQQ,S,CBOE,108564
2019/11/08,QQQ,S,CBOE,75636
2019/11/11,QQQ,S,CBOE,38647
2019/11/12,QQQ,S,CBOE,57514
2019/11/13,QQQ,S,CBOE,39871
2019/11/14,QQQ,S,CBOE,60222
2019/11/15,QQQ,S,CBOE,70147
2019/11/18,QQQ,S,CBOE,50232
2019/11/19,QQQ,S,CBOE,44704
2019/11/20,QQQ,S,CBOE,53081
2019/11/21,QQQ,S,CBOE,122953
2019/11/22,QQQ,S,CBOE,53987
2019/11/25,QQQ,S,CBOE,164715
2019/11/26,QQQ,S,CBOE,36668
2019/11/27,QQQ,S,CBOE,84921
2019/11/29,QQQ,S,CBOE,30879
2019/12/02,QQQ,S,CBOE,54082
2019/12/03,QQQ,S,CBOE,88265
2019/12/04,QQQ,S,CBOE,49783
2019/12/05,QQQ,S,CBOE,45843
2019/12/06,QQQ,S,CBOE,68842
2019/12/09,QQQ,S,CBOE,34943
2019/12/10,QQQ,S,CBOE,28462
2019/12/11,QQQ,S,CBOE,63005
2019/12/12,QQQ,S,CBOE,73490
2019/12/13,QQQ,S,CBOE,96373
2019/12/16,QQQ,S,CBOE,89141
2019/12/17,QQQ,S,CBOE,47478
2019/12/18,QQQ,S,CBOE,98420
2019/12/19,QQQ,S,CBOE,67195
2019/12/20,QQQ,S,CBOE,79876
2019/12/23,QQQ,S,CBOE,90367
2019/12/24,QQQ,S,CBOE,14025
2019/12/26,QQQ,S,CBOE,73170
2019/12/27,QQQ,S,CBOE,97963
2019/12/30,QQQ,S,CBOE,71629
2019/12/31,QQQ,S,CBOE,90010
2020/01/02,QQQ,S,CBOE,80472
2020/01/03,QQQ,S,CBOE,106660
2020/01/06,QQQ,S,CBOE,73748
2020/01/07,QQQ,S,CBOE,45705
2020/01/08,QQQ,S,CBOE,92102
2020/01/09,QQQ,S,CBOE,87438
2020/01/10,QQQ,S,CBOE,113551
2020/01/13,QQQ,S,CBOE,112935
2020/01/14,QQQ,S,CBOE,67511
2020/01/15,QQQ,S,CBOE,59162
2020/01/16,QQQ,S,CBOE,81409
2020/01/17,QQQ,S,CBOE,92653
2020/01/21,QQQ,S,CBOE,69717
2020/01/22,QQQ,S,CBOE,72467
2020/01/23,QQQ,S,CBOE,71830
2020/01/24,QQQ,S,CBOE,151088
2020/01/27,QQQ,S,CBOE,120857
2020/01/28,QQQ,S,CBOE,120339
2020/01/29,QQQ,S,CBOE,99716
2020/01/30,QQQ,S,CBOE,85911
2020/01/31,QQQ,S,CBOE,166109
2020/02/03,QQQ,S,CBOE,51411
2020/02/04,QQQ,S,CBOE,130532
2020/02/05,QQQ,S,CBOE,98486
2020/02/06,QQQ,S,CBOE,79856
2020/02/07,QQQ,S,CBOE,111820
2020/02/10,QQQ,S,CBOE,72255
2020/02/11,QQQ,S,CBOE,177494
2020/02/12,QQQ,S,CBOE,98690
2020/02/13,QQQ,S,CBOE,111687
2020/02/14,QQQ,S,CBOE,93019
2020/02/18,QQQ,S,CBOE,63922
2020/02/19,QQQ,S,CBOE,87887
2020/02/20,QQQ,S,CBOE,105550
2020/02/21,QQQ,S,CBOE,214024
2020/02/24,QQQ,S,CBOE,171846
2020/02/25,QQQ,S,CBOE,336832
2020/02/26,QQQ,S,CBOE,160114
2020/02/27,QQQ,S,CBOE,252355
2020/02/28,QQQ,S,CBOE,239081
2020/03/02,QQQ,S,CBOE,132217
2020/03/03,QQQ,S,CBOE,150238
2020/03/04,QQQ,S,CBOE,171189
2020/03/05,QQQ,S,CBOE,120986
2020/03/06,QQQ,S,CBOE,170317
2020/03/09,QQQ,S,CBOE,143090
2020/03/10,QQQ,S,CBOE,125427
2020/03/11,QQQ,S,CBOE,183774
2020/03/12,QQQ,S,CBOE,267342
2020/03/13,QQQ,S,CBOE,133710
2020/03/16,QQQ,S,CBOE,145777
2020/03/17,QQQ,S,CBOE,116518
2020/03/18,QQQ,S,CBOE,119243
2020/03/19,QQQ,S,CBOE,124124
2020/03/20,QQQ,S,CBOE,158057
2020/03/23,QQQ,S,CBOE,112338
2020/03/24,QQQ,S,CBOE,145246
2020/03/25,QQQ,S,CBOE,168796
2020/03/26,QQQ,S,CBOE,105257
2020/03/27,QQQ,S,CBOE,97061
2020/03/30,QQQ,S,CBOE,72462
2020/03/31,QQQ,S,CBOE,76024
2020/04/01,QQQ,S,CBOE,121127
2020/04/02,QQQ,S,CBOE,83414
2020/04/03,QQQ,S,CBOE,141851
2020/04/06,QQQ,S,CBOE,104106
2020/04/07,QQQ,S,CBOE,115906
2020/04/08,QQQ,S,CBOE,73402
2020/04/09,QQQ,S,CBOE,218519
2020/04/13,QQQ,S,CBOE,93112
2020/04/14,QQQ,S,CBOE,156725
2020/04/15,QQQ,S,CBOE,70471
2020/04/16,QQQ,S,CBOE,172780
2020/04/17,QQQ,S,CBOE,155138
2020/04/20,QQQ,S,CBOE,68731
2020/04/21,QQQ,S,CBOE,143759
2020/04/22,QQQ,S,CBOE,90605
2020/04/23,QQQ,S,CBOE,124166
2020/04/24,QQQ,S,CBOE,126807
2020/04/27,QQQ,S,CBOE,106028
2020/04/28,QQQ,S,CBOE,96650
2020/04/29,QQQ,S,CBOE,113474
2020/04/30,QQQ,S,CBOE,104249
2020/05/01,QQQ,S,CBOE,138930
2020/05/04,QQQ,S,CBOE,92420
2020/05/05,QQQ,S,CBOE,89364
2020/05/06,QQQ,S,CBOE,87117
2020/05/07,QQQ,S,CBOE,89450
2020/05/08,QQQ,S,CBOE,138509
2020/05/11,QQQ,S,CBOE,78976
2020/05/12,QQQ,S,CBOE,99185
2020/05/13,QQQ,S,CBOE,157703
2020/05/14,QQQ,S,CBOE,119602
2020/05/15,QQQ,S,CBOE,105478
2020/05/18,QQQ,S,CBOE,88815
2020/05/19,QQQ,S,CBOE,80223
2020/05/20,QQQ,S,CBOE,83209
2020/05/21,QQQ,S,CBOE,61573
2020/05/22,QQQ,S,CBOE,68608
2020/05/26,QQQ,S,CBOE,79912
2020/05/27,QQQ,S,CBOE,124974
2020/05/28,QQQ,S,CBOE,123415
2020/05/29,QQQ,S,CBOE,154956
2020/06/01,QQQ,S,CBOE,148120
2020/06/02,QQQ,S,CBOE,90907
2020/06/03,QQQ,S,CBOE,130246
2020/06/04,QQQ,S,CBOE,127663
2020/06/05,QQQ,S,CBOE,157047
2020/06/08,QQQ,S,CBOE,99619
2020/06/09,QQQ,S,CBOE,121973
2020/06/10,QQQ,S,CBOE,147538
2020/06/11,QQQ,S,CBOE,221032
2020/06/12,QQQ,S,CBOE,146216
2020/06/15,QQQ,S,CBOE,98743
2020/06/16,QQQ,S,CBOE,100763
2020/06/17,QQQ,S,CBOE,87389
2020/06/18,QQQ,S,CBOE,75506
2020/06/19,QQQ,S,CBOE,137380
2020/06/22,QQQ,S,CBOE,85807
2020/06/23,QQQ,S,CBOE,123131
2020/06/24,QQQ,S,CBOE,139434
2020/06/25,QQQ,S,CBOE,89241
2020/06/26,QQQ,S,CBOE,119627
2020/06/29,QQQ,S,CBOE,80943
2020/06/30,QQQ,S,CBOE,69001
2020/07/01,QQQ,S,CBOE,102030
2020/07/02,QQQ,S,CBOE,112840
2020/07/06,QQQ,S,CBOE,119063
2020/07/07,QQQ,S,CBOE,136437
2020/07/08,QQQ,S,CBOE,105504
2020/07/09,QQQ,S,CBOE,232522
2020/07/10,QQQ,S,CBOE,128725
2020/07/13,QQQ,S,CBOE,170746
2020/07/14,QQQ,S,CBOE,193000
2020/07/15,QQQ,S,CBOE,131940
2020/07/16,QQQ,S,CBOE,125017
2020/07/17,QQQ,S,CBOE,127560
2020/07/20,QQQ,S,CBOE,144411
2020/07/21,QQQ,S,CBOE,142541
2020/07/22,QQQ,S,CBOE,92247
2020/07/23,QQQ,S,CBOE,181456
2020/07/24,QQQ,S,CBOE,260202
2020/07/27,QQQ,S,CBOE,137302
2020/07/28,QQQ,S,CBOE,91436
2020/07/29,QQQ,S,CBOE,86866
2020/07/30,QQQ,S,CBOE,131568
2020/07/31,QQQ,S,CBOE,185155
2020/08/03,QQQ,S,CBOE,118121
2020/08/04,QQQ,S,CBOE,71126
2020/08/05,QQQ,S,CBOE,62327
2020/08/06,QQQ,S,CBOE,138167
2020/08/07,QQQ,S,CBOE,170060
2020/08/10,QQQ,S,CBOE,90063
2020/08/11,QQQ,S,CBOE,109785
2020/08/12,QQQ,S,CBOE,110771
2020/08/13,QQQ,S,CBOE,119458
2020/08/14,QQQ,S,CBOE,82042
2020/08/17,QQQ,S,CBOE,66144
2020/08/18,QQQ,S,CBOE,99332
2020/08/19,QQQ,S,CBOE,95523
2020/08/20,QQQ,S,CBOE,130333
2020/08/21,QQQ,S,CBOE,140606
2020/08/24,QQQ,S,CBOE,111849
2020/08/25,QQQ,S,CBOE,116663
2020/08/26,QQQ,S,CBOE,140670
2020/08/27,QQQ,S,CBOE,150739
2020/08/28,QQQ,S,CBOE,95847
2020/08/31,QQQ,S,CBOE,98697
2020/09/01,QQQ,S,CBOE,112888
2020/09/02,QQQ,S,CBOE,212238
2020/09/03,QQQ,S,CBOE,333163
2020/09/04,QQQ,S,CBOE,330602
2020/09/08,QQQ,S,CBOE,186769
2020/09/09,QQQ,S,CBOE,104884
2020/09/10,QQQ,S,CBOE,154768
2020/09/11,QQQ,S,CBOE,247129
2020/09/14,QQQ,S,CBOE,102195
2020/09/15,QQQ,S,CBOE,129980
2020/09/16,QQQ,S,CBOE,127758
2020/09/17,QQQ,S,CBOE,229580
2020/09/18,QQQ,S,CBOE,261773
2020/09/21,QQQ,S,CBOE,151940
2020/09/22,QQQ,S,CBOE,113392
2020/09/23,QQQ,S,CBOE,152016
2020/09/24,QQQ,S,CBOE,154223
2020/09/25,QQQ,S,CBOE,151343
2020/09/28,QQQ,S,CBOE,104599
2020/09/29,QQQ,S,CBOE,89633
2020/09/30,QQQ,S,CBOE,132398
2020/10/01,QQQ,S,CBOE,155869
2020/10/02,QQQ,S,CBOE,217933
2020/10/05,QQQ,S,CBOE,91733
2020/10/06,QQQ,S,CBOE,129954
2020/10/07,QQQ,S,CBOE,90022
2020/10/08,QQQ,S,CBOE,91516
2020/10/09,QQQ,S,CBOE,155398
2020/10/12,QQQ,S,CBOE,172400
2020/10/13,QQQ,S,CBOE,107072
2020/10/14,QQQ,S,CBOE,102786
2020/10/15,QQQ,S,CBOE,113735
2020/10/16,QQQ,S,CBOE,142375
2020/10/19,QQQ,S,CBOE,111675
2020/10/20,QQQ,S,CBOE,96774
2020/10/21,QQQ,S,CBOE,84645
2020/10/22,QQQ,S,CBOE,118357
2020/10/23,QQQ,S,CBOE,89482
2020/10/26,QQQ,S,CBOE,130537
2020/10/27,QQQ,S,CBOE,77435
2020/10/28,QQQ,S,CBOE,183940
2020/10/29,QQQ,S,CBOE,165543
2020/10/30,QQQ,S,CBOE,272440
2020/11/02,QQQ,S,CBOE,92772
2020/11/03,QQQ,S,CBOE,96353
2020/11/04,QQQ,S,CBOE,233719
2020/11/05,QQQ,S,CBOE,180601
2020/11/06,QQQ,S,CBOE,142670
2020/11/09,QQQ,S,CBOE,136819
2020/11/10,QQQ,S,CBOE,160916
2020/11/11,QQQ,S,CBOE,85605
2020/11/12,QQQ,S,CBOE,121215
2020/11/13,QQQ,S,CBOE,98822
2020/11/16,QQQ,S,CBOE,73620
2020/11/17,QQQ,S,CBOE,54297
2020/11/18,QQQ,S,CBOE,98158
2020/11/19,QQQ,S,CBOE,92297
2020/11/20,QQQ,S,CBOE,136784
2020/11/23,QQQ,S,CBOE,90126
2020/11/24,QQQ,S,CBOE,109307
2020/11/25,QQQ,S,CBOE,57538
2020/11/27,QQQ,S,CBOE,68862
2020/11/30,QQQ,S,CBOE,94261
2020/12/01,QQQ,S,CBOE,106028
2020/12/02,QQQ,S,CBOE,67016
2020/12/03,QQQ,S,CBOE,83223
2020/12/04,QQQ,S,CBOE,145460
2020/12/07,QQQ,S,CBOE,70449
2020/12/08,QQQ,S,CBOE,65004
2020/12/09,QQQ,S,CBOE,188960
2020/12/10,QQQ,S,CBOE,147675
2020/12/11,QQQ,S,CBOE,126573
2020/12/14,QQQ,S,CBOE,74203
2020/12/15,QQQ,S,CBOE,81467
2020/12/16,QQQ,S,CBOE,78494
2020/12/17,QQQ,S,CBOE,104934
2020/12/18,QQQ,S,CBOE,122781
2020/12/21,QQQ,S,CBOE,83411
2020/12/22,QQQ,S,CBOE,64686
2020/12/23,QQQ,S,CBOE,73996
2020/12/24,QQQ,S,CBOE,63387
2020/12/28,QQQ,S,CBOE,79440
2020/12/29,QQQ,S,CBOE,98847
2020/12/30,QQQ,S,CBOE,74505
2020/12/31,QQQ,S,CBOE,91351
2021/01/04,QQQ,S,CBOE,149030
2021/01/05,QQQ,S,CBOE,82270
2021/01/06,QQQ,S,CBOE,158056
2021/01/07,QQQ,S,CBOE,113953
2021/01/08,QQQ,S,CBOE,136475
2021/01/11,QQQ,S,CBOE,119289
2021/01/12,QQQ,S,CBOE,164416
2021/01/13,QQQ,S,CBOE,92525
2021/01/14,QQQ,S,CBOE,84538
2021/01/15,QQQ,S,CBOE,152191
2021/01/19,QQQ,S,CBOE,85998
2021/01/20,QQQ,S,CBOE,173703
2021/01/21,QQQ,S,CBOE,131307
2021/01/22,QQQ,S,CBOE,141204
2021/01/25,QQQ,S,CBOE,123357
2021/01/26,QQQ,S,CBOE,75272
2021/01/27,QQQ,S,CBOE,124473
2021/01/28,QQQ,S,CBOE,92510
2021/01/29,QQQ,S,CBOE,200661
2021/02/01,QQQ,S,CBOE,95446
2021/02/02,QQQ,S,CBOE,111171
2021/02/03,QQQ,S,CBOE,103250
2021/02/04,QQQ,S,CBOE,64183
2021/02/05,QQQ,S,CBOE,143472
2021/02/08,QQQ,S,CBOE,75837
2021/02/09,QQQ,S,CBOE,65033
2021/02/10,QQQ,S,CBOE,77543
2021/02/11,QQQ,S,CBOE,81718
2021/02/12,QQQ,S,CBOE,114204
2021/02/16,QQQ,S,CBOE,114583
2021/02/17,QQQ,S,CBOE,77191
2021/02/18,QQQ,S,CBOE,103416
2021/02/19,QQQ,S,CBOE,143601
2021/02/22,QQQ,S,CBOE,125375
2021/02/23,QQQ,S,CBOE,239009
2021/02/24,QQQ,S,CBOE,113639
2021/02/25,QQQ,S,CBOE,255400
2021/02/26,QQQ,S,CBOE,178723
2021/03/01,QQQ,S,CBOE,138308
2021/03/02,QQQ,S,CBOE,120854
2021/03/03,QQQ,S,CBOE,232510
2021/03/04,QQQ,S,CBOE,417323
2021/03/05,QQQ,S,CBOE,303954
2021/03/08,QQQ,S,CBOE,150499
2021/03/09,QQQ,S,CBOE,202384
2021/03/10,QQQ,S,CBOE,165671
2021/03/11,QQQ,S,CBOE,177575
2021/03/12,QQQ,S,CBOE,200212
2021/03/15,QQQ,S,CBOE,85943
2021/03/16,QQQ,S,CBOE,143001
2021/03/17,QQQ,S,CBOE,204247
2021/03/18,QQQ,S,CBOE,210229
2021/03/19,QQQ,S,CBOE,209266
2021/03/22,QQQ,S,CBOE,130339
2021/03/23,QQQ,S,CBOE,93768
2021/03/24,QQQ,S,CBOE,181190
2021/03/25,QQQ,S,CBOE,284529
2021/03/26,QQQ,S,CBOE,244501
2021/03/29,QQQ,S,CBOE,139724
2021/03/30,QQQ,S,CBOE,127050
2021/03/31,QQQ,S,CBOE,295147
2021/04/01,QQQ,S,CBOE,185500
2021/04/05,QQQ,S,CBOE,158618
2021/04/06,QQQ,S,CBOE,107376
2021/04/07,QQQ,S,CBOE,78209
2021/04/08,QQQ,S,CBOE,85894
2021/04/09,QQQ,S,CBOE,148426
2021/04/12,QQQ,S,CBOE,79779
2021/04/13,QQQ,S,CBOE,115805
2021/04/14,QQQ,S,CBOE,175050
2021/04/15,QQQ,S,CBOE,160713
2021/04/16,QQQ,S,CBOE,137723
2021/04/19,QQQ,S,CBOE,109757
2021/04/20,QQQ,S,CBOE,138505
2021/04/21,QQQ,S,CBOE,78850
2021/04/22,QQQ,S,CBOE,119157
2021/04/23,QQQ,S,CBOE,127625
2021/04/26,QQQ,S,CBOE,70660
2021/04/27,QQQ,S,CBOE,64450
2021/04/28,QQQ,S,CBOE,95572
2021/04/29,QQQ,S,CBOE,112485
2021/04/30,QQQ,S,CBOE,177253
2021/05/03,QQQ,S,CBOE,70924
2021/05/04,QQQ,S,CBOE,201728
2021/05/05,QQQ,S,CBOE,168743
2021/05/06,QQQ,S,CBOE,145205
2021/05/07,QQQ,S,CBOE,140145
2021/05/10,QQQ,S,CBOE,148519
2021/05/11,QQQ,S,CBOE,195648
2021/05/12,QQQ,S,CBOE,194171
2021/05/13,QQQ,S,CBOE,145887
2021/05/14,QQQ,S,CBOE,146632
2021/05/17,QQQ,S,CBOE,88882
2021/05/18,QQQ,S,CBOE,113414
2021/05/19,QQQ,S,CBOE,142671
2021/05/20,QQQ,S,CBOE,181248
2021/05/21,QQQ,S,CBOE,162916
2021/05/24,QQQ,S,CBOE,128993
2021/05/25,QQQ,S,CBOE,75539
2021/05/26,QQQ,S,CBOE,97622
2021/05/27,QQQ,S,CBOE,91574
2021/05/28,QQQ,S,CBOE,95172
2021/06/01,QQQ,S,CBOE,110729
2021/06/02,QQQ,S,CBOE,99387
2021/06/03,QQQ,S,CBOE,189467
2021/06/04,QQQ,S,CBOE,188495
2021/06/07,QQQ,S,CBOE,79696
2021/06/08,QQQ,S,CBOE,99526
2021/06/09,QQQ,S,CBOE,93450
2021/06/10,QQQ,S,CBOE,173180
2021/06/11,QQQ,S,CBOE,84334
2021/06/14,QQQ,S,CBOE,110309
2021/06/15,QQQ,S,CBOE,97538
2021/06/16,QQQ,S,CBOE,163911
2021/06/17,QQQ,S,CBOE,163924
2021/06/18,QQQ,S,CBOE,147403
2021/06/21,QQQ,S,CBOE,131595
2021/06/22,QQQ,S,CBOE,109827
2021/06/23,QQQ,S,CBOE,109999
2021/06/24,QQQ,S,CBOE,223615
2021/06/25,QQQ,S,CBOE,129624
2021/06/28,QQQ,S,CBOE,163470
2021/06/29,QQQ,S,CBOE,148413
2021/06/30,QQQ,S,CBOE,95124
2021/07/01,QQQ,S,CBOE,109195
2021/07/02,QQQ,S,CBOE,132422
2021/07/06,QQQ,S,CBOE,185741
2021/07/07,QQQ,S,CBOE,123990
2021/07/08,QQQ,S,CBOE,129882
2021/07/09,QQQ,S,CBOE,123079
2021/07/12,QQQ,S,CBOE,129719
2021/07/13,QQQ,S,CBOE,214535
2021/07/14,QQQ,S,CBOE,145114
2021/07/15,QQQ,S,CBOE,210313
2021/07/16,QQQ,S,CBOE,178129
2021/07/19,QQQ,S,CBOE,158641
2021/07/20,QQQ,S,CBOE,100662
2021/07/21,QQQ,S,CBOE,78111
2021/07/22,QQQ,S,CBOE,73716
2021/07/23,QQQ,S,CBOE,105008
2021/07/26,QQQ,S,CBOE,82757
2021/07/27,QQQ,S,CBOE,142642
2021/07/28,QQQ,S,CBOE,114805
2021/07/29,QQQ,S,CBOE,90924
2021/07/30,QQQ,S,CBOE,151524
2021/08/02,QQQ,S,CBOE,107677
2021/08/03,QQQ,S,CBOE,83332
2021/08/04,QQQ,S,CBOE,89337
2021/08/05,QQQ,S,CBOE,81736
2021/08/06,QQQ,S,CBOE,120592
2021/08/09,QQQ,S,CBOE,81227
2021/08/10,QQQ,S,CBOE,149203
2021/08/11,QQQ,S,CBOE,158554
2021/08/12,QQQ,S,CBOE,138516
2021/08/13,QQQ,S,CBOE,86064
2021/08/16,QQQ,S,CBOE,182146
2021/08/17,QQQ,S,CBOE,166460
2021/08/18,QQQ,S,CBOE,157558
2021/08/19,QQQ,S,CBOE,197948
2021/08/20,QQQ,S,CBOE,174715
2021/08/23,QQQ,S,CBOE,180201
2021/08/24,QQQ,S,CBOE,113411
2021/08/25,QQQ,S,CBOE,105214
2021/08/26,QQQ,S,CBOE,165197
2021/08/27,QQQ,S,CBOE,151071
2021/08/30,QQQ,S,CBOE,156196
2021/08/31,QQQ,S,CBOE,84608
2021/09/01,QQQ,S,CBOE,149721
2021/09/02,QQQ,S,CBOE,163619
2021/09/03,QQQ,S,CBOE,161409
2021/09/07,QQQ,S,CBOE,146440
2021/09/08,QQQ,S,CBOE,163819
2021/09/09,QQQ,S,CBOE,178237
2021/09/10,QQQ,S,CBOE,192800
2021/09/13,QQQ,S,CBOE,234792
2021/09/14,QQQ,S,CBOE,124718
2021/09/15,QQQ,S,CBOE,182442
2021/09/16,QQQ,S,CBOE,134035
2021/09/17,QQQ,S,CBOE,193354
2021/09/20,QQQ,S,CBOE,282115
2021/09/21,QQQ,S,CBOE,97703
2021/09/22,QQQ,S,CBOE,117878
2021/09/23,QQQ,S,CBOE,165409
2021/09/24,QQQ,S,CBOE,128961
2021/09/27,QQQ,S,CBOE,141281
2021/09/28,QQQ,S,CBOE,252027
2021/09/29,QQQ,S,CBOE,228764
2021/09/30,QQQ,S,CBOE,203228
2021/10/01,QQQ,S,CBOE,195806
2021/10/04,QQQ,S,CBOE,202385
2021/10/05,QQQ,S,CBOE,130786
2021/10/06,QQQ,S,CBOE,144876
2021/10/07,QQQ,S,CBOE,147608
2021/10/08,QQQ,S,CBOE,137811
2021/10/11,QQQ,S,CBOE,130641
2021/10/12,QQQ,S,CBOE,99379
2021/10/13,QQQ,S,CBOE,107370
2021/10/14,QQQ,S,CBOE,189661
2021/10/15,QQQ,S,CBOE,171356
2021/10/18,QQQ,S,CBOE,122186
2021/10/19,QQQ,S,CBOE,144590
2021/10/20,QQQ,S,CBOE,141161
2021/10/21,QQQ,S,CBOE,84328
2021/10/22,QQQ,S,CBOE,175898
2021/10/25,QQQ,S,CBOE,129351
2021/10/26,QQQ,S,CBOE,252435
2021/10/27,QQQ,S,CBOE,185616
2021/10/28,QQQ,S,CBOE,140227
2021/10/29,QQQ,S,CBOE,162488
2021/11/01,QQQ,S,CBOE,156649
2021/11/02,QQQ,S,CBOE,109591
2021/11/03,QQQ,S,CBOE,181523
2021/11/04,QQQ,S,CBOE,187526
2021/11/05,QQQ,S,CBOE,163769
2021/11/08,QQQ,S,CBOE,135194
2021/11/09,QQQ,S,CBOE,133513
2021/11/10,QQQ,S,CBOE,189111
2021/11/11,QQQ,S,CBOE,111570
2021/11/12,QQQ,S,CBOE,138400
2021/11/15,QQQ,S,CBOE,96589
2021/11/16,QQQ,S,CBOE,90426
2021/11/17,QQQ,S,CBOE,121396
2021/11/18,QQQ,S,CBOE,147325
2021/11/19,QQQ,S,CBOE,181274
2021/11/22,QQQ,S,CBOE,230891
2021/11/23,QQQ,S,CBOE,223768
2021/11/24,QQQ,S,CBOE,175906
2021/11/26,QQQ,S,CBOE,132502
2021/11/29,QQQ,S,CBOE,170657
2021/11/30,QQQ,S,CBOE,213240
2021/12/01,QQQ,S,CBOE,250317
2021/12/02,QQQ,S,CBOE,188599
2021/12/03,QQQ,S,CBOE,258308
2021/12/06,QQQ,S,CBOE,185824
2021/12/07,QQQ,S,CBOE,180096
2021/12/08,QQQ,S,CBOE,129312
2021/12/09,QQQ,S,CBOE,145726
2021/12/10,QQQ,S,CBOE,170216
2021/12/13,QQQ,S,CBOE,168138
2021/12/14,QQQ,S,CBOE,164445
2021/12/15,QQQ,S,CBOE,224744
2021/12/16,QQQ,S,CBOE,209580
2021/12/17,QQQ,S,CBOE,201896
2021/12/20,QQQ,S,CBOE,160623
2021/12/21,QQQ,S,CBOE,152268
2021/12/22,QQQ,S,CBOE,185843
2021/12/23,QQQ,S,CBOE,155451
2021/12/27,QQQ,S,CBOE,185535
2021/12/28,QQQ,S,CBOE,162475
2021/12/29,QQQ,S,CBOE,385756
2021/12/30,QQQ,S,CBOE,101952
2021/12/31,QQQ,S,CBOE,174812
2022/01/03,QQQ,S,CBOE,127036
2022/01/04,QQQ,S,CBOE,164362
2022/01/05,QQQ,S,CBOE,239645
2022/01/06,QQQ,S,CBOE,191345
2022/01/07,QQQ,S,CBOE,211448
2022/01/10,QQQ,S,CBOE,299352
2022/01/11,QQQ,S,CBOE,156158
2022/01/12,QQQ,S,CBOE,183214
2022/01/13,QQQ,S,CBOE,284911
2022/01/14,QQQ,S,CBOE,216324
2022/01/18,QQQ,S,CBOE,233780
2022/01/19,QQQ,S,CBOE,189159
2022/01/20,QQQ,S,CBOE,202758
2022/01/21,QQQ,S,CBOE,375575
2022/01/24,QQQ,S,CBOE,370639
2022/01/25,QQQ,S,CBOE,204315
2022/01/26,QQQ,S,CBOE,289886
2022/01/27,QQQ,S,CBOE,203424
2022/01/28,QQQ,S,CBOE,268138
2022/01/31,QQQ,S,CBOE,241910
2022/02/01,QQQ,S,CBOE,167430
2022/02/02,QQQ,S,CBOE,199830
2022/02/03,QQQ,S,CBOE,221367
2022/02/04,QQQ,S,CBOE,193384
2022/02/07,QQQ,S,CBOE,162440
2022/02/08,QQQ,S,CBOE,124580
2022/02/09,QQQ,S,CBOE,214968
2022/02/10,QQQ,S,CBOE,215395
2022/02/11,QQQ,S,CBOE,284957
2022/02/14,QQQ,S,CBOE,197960
2022/02/15,QQQ,S,CBOE,126854
2022/02/16,QQQ,S,CBOE,160002
2022/02/17,QQQ,S,CBOE,180331
2022/02/18,QQQ,S,CBOE,235041
2022/02/22,QQQ,S,CBOE,233029
2022/02/23,QQQ,S,CBOE,285686
2022/02/24,QQQ,S,CBOE,368634
2022/02/25,QQQ,S,CBOE,300320
2022/02/28,QQQ,S,CBOE,222356
2022/03/01,QQQ,S,CBOE,151445
2022/03/02,QQQ,S,CBOE,176280
2022/03/03,QQQ,S,CBOE,175441
2022/03/04,QQQ,S,CBOE,208927
2022/03/07,QQQ,S,CBOE,237529
2022/03/08,QQQ,S,CBOE,252079
2022/03/09,QQQ,S,CBOE,201247
2022/03/10,QQQ,S,CBOE,169197
2022/03/11,QQQ,S,CBOE,160644
2022/03/14,QQQ,S,CBOE,219044
2022/03/15,QQQ,S,CBOE,171282
2022/03/16,QQQ,S,CBOE,280915
2022/03/17,QQQ,S,CBOE,181987
2022/03/18,QQQ,S,CBOE,247557
2022/03/21,QQQ,S,CBOE,271048
2022/03/22,QQQ,S,CBOE,239211
2022/03/23,QQQ,S,CBOE,229169
2022/03/24,QQQ,S,CBOE,171876
2022/03/25,QQQ,S,CBOE,220780
2022/03/28,QQQ,S,CBOE,233403
2022/03/29,QQQ,S,CBOE,227689
2022/03/30,QQQ,S,CBOE,209385
2022/03/31,QQQ,S,CBOE,203047
2022/04/01,QQQ,S,CBOE,250064
2022/04/04,QQQ,S,CBOE,167609
2022/04/05,QQQ,S,CBOE,192655
2022/04/06,QQQ,S,CBOE,269559
2022/04/07,QQQ,S,CBOE,211712
2022/04/08,QQQ,S,CBOE,217806
2022/04/11,QQQ,S,CBOE,281891
2022/04/12,QQQ,S,CBOE,285050
2022/04/13,QQQ,S,CBOE,216300
2022/04/14,QQQ,S,CBOE,245485
2022/04/18,QQQ,S,CBOE,188796
2022/04/19,QQQ,S,CBOE,146177
2022/04/20,QQQ,S,CBOE,242189
2022/04/21,QQQ,S,CBOE,207539
2022/04/22,QQQ,S,CBOE,291955
2022/04/25,QQQ,S,CBOE,284399
2022/04/26,QQQ,S,CBOE,328889
2022/04/27,QQQ,S,CBOE,256391
2022/04/28,QQQ,S,CBOE,263433
2022/04/29,QQQ,S,CBOE,280176
2022/05/02,QQQ,S,CBOE,274663
2022/05/03,QQQ,S,CBOE,146133
2022/05/04,QQQ,S,CBOE,291679
2022/05/05,QQQ,S,CBOE,287796
2022/05/06,QQQ,S,CBOE,368097
2022/05/09,QQQ,S,CBOE,289762
2022/05/10,QQQ,S,CBOE,290033
2022/05/11,QQQ,S,CBOE,297103
2022/05/12,QQQ,S,CBOE,243954
2022/05/13,QQQ,S,CBOE,271548
2022/05/16,QQQ,S,CBOE,200575
2022/05/17,QQQ,S,CBOE,180758
2022/05/18,QQQ,S,CBOE,262565
2022/05/19,QQQ,S,CBOE,203561
2022/05/20,QQQ,S,CBOE,307406
2022/05/23,QQQ,S,CBOE,196685
2022/05/24,QQQ,S,CBOE,185445
2022/05/25,QQQ,S,CBOE,206403
2022/05/26,QQQ,S,CBOE,190012
2022/05/27,QQQ,S,CBOE,228826
2022/05/31,QQQ,S,CBOE,212560
2022/06/01,QQQ,S,CBOE,218918
2022/06/02,QQQ,S,CBOE,169037
2022/06/03,QQQ,S,CBOE,214655
2022/06/06,QQQ,S,CBOE,212614
2022/06/07,QQQ,S,CBOE,152874
2022/06/08,QQQ,S,CBOE,163100
2022/06/09,QQQ,S,CBOE,206298
2022/06/10,QQQ,S,CBOE,307492
2022/06/13,QQQ,S,CBOE,312674
2022/06/14,QQQ,S,CBOE,172457
2022/06/15,QQQ,S,CBOE,318526
2022/06/16,QQQ,S,CBOE,253854
2022/06/17,QQQ,S,CBOE,268640
2022/06/21,QQQ,S,CBOE,208235
2022/06/22,QQQ,S,CBOE,231671
2022/06/23,QQQ,S,CBOE,177259
2022/06/24,QQQ,S,CBOE,260782
2022/06/27,QQQ,S,CBOE,149701
2022/06/28,QQQ,S,CBOE,222239
2022/06/29,QQQ,S,CBOE,202015
2022/06/30,QQQ,S,CBOE,218157
2022/07/01,QQQ,S,CBOE,191736
2022/07/05,QQQ,S,CBOE,209634
2022/07/06,QQQ,S,CBOE,184110
2022/07/07,QQQ,S,CBOE,223509
2022/07/08,QQQ,S,CBOE,241096
2022/07/11,QQQ,S,CBOE,178746
2022/07/12,QQQ,S,CBOE,184227
2022/07/13,QQQ,S,CBOE,276620
2022/07/14,QQQ,S,CBOE,199875
2022/07/15,QQQ,S,CBOE,203734
2022/07/18,QQQ,S,CBOE,225865
2022/07/19,QQQ,S,CBOE,231510
2022/07/20,QQQ,S,CBOE,351065
2022/07/21,QQQ,S,CBOE,319601
2022/07/22,QQQ,S,CBOE,349178
2022/07/25,QQQ,S,CBOE,242900
2022/07/26,QQQ,S,CBOE,210094
2022/07/27,QQQ,S,CBOE,370225
2022/07/28,QQQ,S,CBOE,258995
2022/07/29,QQQ,S,CBOE,297558
2022/08/01,QQQ,S,CBOE,267739
2022/08/02,QQQ,S,CBOE,249453
2022/08/03,QQQ,S,CBOE,290172
2022/08/04,QQQ,S,CBOE,216007
2022/08/05,QQQ,S,CBOE,271631
2022/08/08,QQQ,S,CBOE,279707
2022/08/09,QQQ,S,CBOE,188701
2022/08/10,QQQ,S,CBOE,263009
2022/08/11,QQQ,S,CBOE,219095
2022/08/12,QQQ,S,CBOE,234093
2022/08/15,QQQ,S,CBOE,255522
2022/08/16,QQQ,S,CBOE,199354
2022/08/17,QQQ,S,CBOE,252646
2022/08/18,QQQ,S,CBOE,160736
2022/08/19,QQQ,S,CBOE,264171
2022/08/22,QQQ,S,CBOE,247732
2022/08/23,QQQ,S,CBOE,157494
2022/08/24,QQQ,S,CBOE,171134
2022/08/25,QQQ,S,CBOE,175399
2022/08/26,QQQ,S,CBOE,311303
2022/08/29,QQQ,S,CBOE,272948
2022/08/30,QQQ,S,CBOE,220780
2022/08/31,QQQ,S,CBOE,237436
2022/09/01,QQQ,S,CBOE,318185
2022/09/02,QQQ,S,CBOE,289245
2022/09/06,QQQ,S,CBOE,243973
2022/09/07,QQQ,S,CBOE,232653
2022/09/08,QQQ,S,CBOE,195133
2022/09/09,QQQ,S,CBOE,327999
2022/09/12,QQQ,S,CBOE,188786
2022/09/13,QQQ,S,CBOE,283740
2022/09/14,QQQ,S,CBOE,243970
2022/09/15,QQQ,S,CBOE,212445
2022/09/16,QQQ,S,CBOE,248462
2022/09/19,QQQ,S,CBOE,206048
2022/09/20,QQQ,S,CBOE,150768
2022/09/21,QQQ,S,CBOE,328694
2022/09/22,QQQ,S,CBOE,293354
2022/09/23,QQQ,S,CBOE,365894
2022/09/26,QQQ,S,CBOE,270826
2022/09/27,QQQ,S,CBOE,235638
2022/09/28,QQQ,S,CBOE,217952
2022/09/29,QQQ,S,CBOE,211822
2022/09/30,QQQ,S,CBOE,269052
2022/10/03,QQQ,S,CBOE,261847
2022/10/04,QQQ,S,CBOE,238901
2022/10/05,QQQ,S,CBOE,238445
2022/10/06,QQQ,S,CBOE,217858
2022/10/07,QQQ,S,CBOE,323310
2022/10/10,QQQ,S,CBOE,219582
2022/10/11,QQQ,S,CBOE,246423
2022/10/12,QQQ,S,CBOE,225818
2022/10/13,QQQ,S,CBOE,393118
2022/10/14,QQQ,S,CBOE,348702
2022/10/17,QQQ,S,CBOE,249690
2022/10/18,QQQ,S,CBOE,256138
2022/10/19,QQQ,S,CBOE,318392
2022/10/20,QQQ,S,CBOE,230041
2022/10/21,QQQ,S,CBOE,309040
2022/10/24,QQQ,S,CBOE,251333
2022/10/25,QQQ,S,CBOE,205778
2022/10/26,QQQ,S,CBOE,300004
2022/10/27,QQQ,S,CBOE,270001
2022/10/28,QQQ,S,CBOE,365121
2022/10/31,QQQ,S,CBOE,244723
2022/11/01,QQQ,S,CBOE,140526
2022/11/02,QQQ,S,CBOE,391136
2022/11/03,QQQ,S,CBOE,251742
2022/11/04,QQQ,S,CBOE,339812
2022/11/07,QQQ,S,CBOE,221420
2022/11/08,QQQ,S,CBOE,388818
2022/11/09,QQQ,S,CBOE,298358
2022/11/10,QQQ,S,CBOE,355877
2022/11/11,QQQ,S,CBOE,377127
2022/11/14,QQQ,S,CBOE,256383
2022/11/15,QQQ,S,CBOE,314229
2022/11/16,QQQ,S,CBOE,316751
2022/11/17,QQQ,S,CBOE,278115
2022/11/18,QQQ,S,CBOE,254941
2022/11/21,QQQ,S,CBOE,207771
2022/11/22,QQQ,S,CBOE,290441
2022/11/23,QQQ,S,CBOE,252822
2022/11/25,QQQ,S,CBOE,109073
2022/11/28,QQQ,S,CBOE,219822
2022/11/29,QQQ,S,CBOE,243759
2022/11/30,QQQ,S,CBOE,372416
2022/12/01,QQQ,S,CBOE,301110
2022/12/02,QQQ,S,CBOE,279022
2022/12/05,QQQ,S,CBOE,210571
2022/12/06,QQQ,S,CBOE,282522
2022/12/07,QQQ,S,CBOE,270500
2022/12/08,QQQ,S,CBOE,210256
2022/12/09,QQQ,S,CBOE,394993
2022/12/12,QQQ,S,CBOE,200948
2022/12/13,QQQ,S,CBOE,364746
2022/12/14,QQQ,S,CBOE,268527
2022/12/15,QQQ,S,CBOE,317476
2022/12/16,QQQ,S,CBOE,287147
2022/12/19,QQQ,S,CBOE,231233
2022/12/20,QQQ,S,CBOE,239437
2022/12/21,QQQ,S,CBOE,580462
2022/12/22,QQQ,S,CBOE,453168
2022/12/23,QQQ,S,CBOE,212354
2022/12/27,QQQ,S,CBOE,196407
2022/12/28,QQQ,S,CBOE,498512
2022/12/29,QQQ,S,CBOE,433075
2022/12/30,QQQ,S,CBOE,210330
2023/01/03,QQQ,S,CBOE,236836
2023/01/04,QQQ,S,CBOE,356141
2023/01/05,QQQ,S,CBOE,219690
2023/01/06,QQQ,S,CBOE,342605
2023/01/09,QQQ,S,CBOE,316324
2023/01/10,QQQ,S,CBOE,190387
2023/01/11,QQQ,S,CBOE,287411
2023/01/12,QQQ,S,CBOE,274710
2023/01/13,QQQ,S,CBOE,267714
2023/01/17,QQQ,S,CBOE,214380
2023/01/18,QQQ,S,CBOE,366389
2023/01/19,QQQ,S,CBOE,237555
2023/01/20,QQQ,S,CBOE,257619
2023/01/23,QQQ,S,CBOE,339303
2023/01/24,QQQ,S,CBOE,230405
2023/01/25,QQQ,S,CBOE,320134
2023/01/26,QQQ,S,CBOE,311501
2023/01/27,QQQ,S,CBOE,431848
2023/01/30,QQQ,S,CBOE,262805
2023/01/31,QQQ,S,CBOE,196610
2023/02/01,QQQ,S,CBOE,354158
2023/02/02,QQQ,S,CBOE,441352
2023/02/03,QQQ,S,CBOE,398147
2023/02/06,QQQ,S,CBOE,253843
2023/02/07,QQQ,S,CBOE,291929
2023/02/08,QQQ,S,CBOE,283483
2023/02/09,QQQ,S,CBOE,275782
2023/02/10,QQQ,S,CBOE,264695
2023/02/13,QQQ,S,CBOE,233553
2023/02/14,QQQ,S,CBOE,261263
2023/02/15,QQQ,S,CBOE,213318
2023/02/16,QQQ,S,CBOE,283050
2023/02/17,QQQ,S,CBOE,274169
2023/02/21,QQQ,S,CBOE,298366
2023/02/22,QQQ,S,CBOE,302075
2023/02/23,QQQ,S,CBOE,301056
2023/02/24,QQQ,S,CBOE,308912
2023/02/27,QQQ,S,CBOE,230170
2023/02/28,QQQ,S,CBOE,225132
2023/03/01,QQQ,S,CBOE,296166
2023/03/02,QQQ,S,CBOE,265642
2023/03/03,QQQ,S,CBOE,319023
2023/03/06,QQQ,S,CBOE,275512
2023/03/07,QQQ,S,CBOE,254931
2023/03/08,QQQ,S,CBOE,226652
2023/03/09,QQQ,S,CBOE,331332
2023/03/10,QQQ,S,CBOE,321640
2023/03/13,QQQ,S,CBOE,303918
2023/03/14,QQQ,S,CBOE,262986
2023/03/15,QQQ,S,CBOE,263644
2023/03/16,QQQ,S,CBOE,378098
2023/03/17,QQQ,S,CBOE,306207
2023/03/20,QQQ,S,CBOE,205366
2023/03/21,QQQ,S,CBOE,298856
2023/03/22,QQQ,S,CBOE,291786
2023/03/23,QQQ,S,CBOE,332388
2023/03/24,QQQ,S,CBOE,283025
2023/03/27,QQQ,S,CBOE,245293
2023/03/28,QQQ,S,CBOE,243663
2023/03/29,QQQ,S,CBOE,293640
2023/03/30,QQQ,S,CBOE,331551
2023/03/31,QQQ,S,CBOE,429886
2023/04/03,QQQ,S,CBOE,271456
2023/04/04,QQQ,S,CBOE,239609
2023/04/05,QQQ,S,CBOE,256252
2023/04/06,QQQ,S,CBOE,271489
2023/04/10,QQQ,S,CBOE,236683
2023/04/11,QQQ,S,CBOE,273461
2023/04/12,QQQ,S,CBOE,285114
2023/04/13,QQQ,S,CBOE,285832
2023/04/14,QQQ,S,CBOE,306082
2023/04/17,QQQ,S,CBOE,234986
2023/04/18,QQQ,S,CBOE,270072
2023/04/19,QQQ,S,CBOE,208104
2023/04/20,QQQ,S,CBOE,348965
2023/04/21,QQQ,S,CBOE,272786
2023/04/24,QQQ,S,CBOE,245540
2023/04/25,QQQ,S,CBOE,314140
2023/04/26,QQQ,S,CBOE,292790
2023/04/27,QQQ,S,CBOE,305831
2023/04/28,QQQ,S,CBOE,283335
2023/05/01,QQQ,S,CBOE,238674
2023/05/02,QQQ,S,CBOE,254987
2023/05/03,QQQ,S,CBOE,195647
2023/05/04,QQQ,S,CBOE,216587
2023/05/05,QQQ,S,CBOE,344503
2023/05/08,QQQ,S,CBOE,271200
2023/05/09,QQQ,S,CBOE,176077
2023/05/10,QQQ,S,CBOE,310260
2023/05/11,QQQ,S,CBOE,231878
2023/05/12,QQQ,S,CBOE,229816
2023/05/15,QQQ,S,CBOE,191684
2023/05/16,QQQ,S,CBOE,240513
2023/05/17,QQQ,S,CBOE,297369
2023/05/18,QQQ,S,CBOE,396014
2023/05/19,QQQ,S,CBOE,252264
2023/05/22,QQQ,S,CBOE,199824
2023/05/23,QQQ,S,CBOE,268411
2023/05/24,QQQ,S,CBOE,270043
2023/05/25,QQQ,S,CBOE,291767
2023/05/26,QQQ,S,CBOE,353197
2023/05/30,QQQ,S,CBOE,274935
2023/05/31,QQQ,S,CBOE,213301
2023/06/01,QQQ,S,CBOE,276088
2023/06/02,QQQ,S,CBOE,273292
2023/06/05,QQQ,S,CBOE,290375
2023/06/06,QQQ,S,CBOE,222329
2023/06/07,QQQ,S,CBOE,389389
2023/06/08,QQQ,S,CBOE,365716
2023/06/09,QQQ,S,CBOE,318473
2023/06/12,QQQ,S,CBOE,297919
2023/06/13,QQQ,S,CBOE,373413
2023/06/14,QQQ,S,CBOE,370133
2023/06/15,QQQ,S,CBOE,355433
2023/06/16,QQQ,S,CBOE,324093
2023/06/20,QQQ,S,CBOE,318956
2023/06/21,QQQ,S,CBOE,322422
2023/06/22,QQQ,S,CBOE,300520
2023/06/23,QQQ,S,CBOE,265494
2023/06/26,QQQ,S,CBOE,333569
2023/06/27,QQQ,S,CBOE,293270
2023/06/28,QQQ,S,CBOE,298628
2023/06/29,QQQ,S,CBOE,247154
2023/06/30,QQQ,S,CBOE,342692
2023/07/03,QQQ,S,CBOE,133926
2023/07/05,QQQ,S,CBOE,243414
2023/07/06,QQQ,S,CBOE,399637
2023/07/07,QQQ,S,CBOE,299538
2023/07/10,QQQ,S,CBOE,300881
2023/07/11,QQQ,S,CBOE,265139
2023/07/12,QQQ,S,CBOE,379149
2023/07/13,QQQ,S,CBOE,330946
2023/07/14,QQQ,S,CBOE,350474
2023/07/17,QQQ,S,CBOE,270374
2023/07/18,QQQ,S,CBOE,343373
2023/07/19,QQQ,S,CBOE,326018
2023/07/20,QQQ,S,CBOE,488314
2023/07/21,QQQ,S,CBOE,331774
2023/07/24,QQQ,S,CBOE,266409
2023/07/25,QQQ,S,CBOE,240693
2023/07/26,QQQ,S,CBOE,289261
2023/07/27,QQQ,S,CBOE,461165
2023/07/28,QQQ,S,CBOE,378148
2023/07/31,QQQ,S,CBOE,243218
2023/08/01,QQQ,S,CBOE,300206
2023/08/02,QQQ,S,CBOE,413421
2023/08/03,QQQ,S,CBOE,329482
2023/08/04,QQQ,S,CBOE,424671
2023/08/07,QQQ,S,CBOE,340578
2023/08/08,QQQ,S,CBOE,322283
2023/08/09,QQQ,S,CBOE,356422
2023/08/10,QQQ,S,CBOE,422584
2023/08/11,QQQ,S,CBOE,392328
2023/08/14,QQQ,S,CBOE,338394
2023/08/15,QQQ,S,CBOE,338742
2023/08/16,QQQ,S,CBOE,574843
2023/08/17,QQQ,S,CBOE,442906
2023/08/18,QQQ,S,CBOE,455779
2023/08/21,QQQ,S,CBOE,442890
2023/08/22,QQQ,S,CBOE,324781
2023/08/23,QQQ,S,CBOE,342345
2023/08/24,QQQ,S,CBOE,414841
2023/08/25,QQQ,S,CBOE,430769
2023/08/28,QQQ,S,CBOE,306996
2023/08/29,QQQ,S,CBOE,446038
2023/08/30,QQQ,S,CBOE,372277
2023/08/31,QQQ,S,CBOE,316151
2023/09/01,QQQ,S,CBOE,263601
2023/09/05,QQQ,S,CBOE,236183
2023/09/06,QQQ,S,CBOE,296840
2023/09/07,QQQ,S,CBOE,311428
2023/09/08,QQQ,S,CBOE,271656
2023/09/11,QQQ,S,CBOE,270707
2023/09/12,QQQ,S,CBOE,290839
2023/09/13,QQQ,S,CBOE,267648
2023/09/14,QQQ,S,CBOE,325249
2023/09/15,QQQ,S,CBOE,371320
2023/09/18,QQQ,S,CBOE,269423
2023/09/19,QQQ,S,CBOE,294289
2023/09/20,QQQ,S,CBOE,273845
2023/09/21,QQQ,S,CBOE,404973
2023/09/22,QQQ,S,CBOE,370602
2023/09/25,QQQ,S,CBOE,281107
2023/09/26,QQQ,S,CBOE,404043
2023/09/27,QQQ,S,CBOE,365792
2023/09/28,QQQ,S,CBOE,320951
2023/09/29,QQQ,S,CBOE,381349
2023/10/02,QQQ,S,CBOE,330303
2023/10/03,QQQ,S,CBOE,360883
2023/10/04,QQQ,S,CBOE,346672
2023/10/05,QQQ,S,CBOE,281405
2023/10/06,QQQ,S,CBOE,445538
2023/10/09,QQQ,S,CBOE,272040
2023/10/10,QQQ,S,CBOE,352638
2023/10/11,QQQ,S,CBOE,336861
2023/10/12,QQQ,S,CBOE,367929
2023/10/13,QQQ,S,CBOE,385343
2023/10/16,QQQ,S,CBOE,320384
2023/10/17,QQQ,S,CBOE,349408
2023/10/18,QQQ,S,CBOE,439448
2023/10/19,QQQ,S,CBOE,460377
2023/10/20,QQQ,S,CBOE,436938
2023/10/23,QQQ,S,CBOE,424852
2023/10/24,QQQ,S,CBOE,328351
2023/10/25,QQQ,S,CBOE,495302
2023/10/26,QQQ,S,CBOE,509279
2023/10/27,QQQ,S,CBOE,339476
2023/10/30,QQQ,S,CBOE,382436
2023/10/31,QQQ,S,CBOE,300934
2023/11/01,QQQ,S,CBOE,307487
2023/11/02,QQQ,S,CBOE,336189
2023/11/03,QQQ,S,CBOE,313052
2023/11/06,QQQ,S,CBOE,257510
2023/11/07,QQQ,S,CBOE,326312
2023/11/08,QQQ,S,CBOE,235244
2023/11/09,QQQ,S,CBOE,350136
2023/11/10,QQQ,S,CBOE,345039
2023/11/13,QQQ,S,CBOE,270607
2023/11/14,QQQ,S,CBOE,336461
2023/11/15,QQQ,S,CBOE,269123
2023/11/16,QQQ,S,CBOE,254010
2023/11/17,QQQ,S,CBOE,231844
2023/11/20,QQQ,S,CBOE,298942
2023/11/21,QQQ,S,CBOE,233235
2023/11/22,QQQ,S,CBOE,280835
2023/11/24,QQQ,S,CBOE,122201
2023/11/27,QQQ,S,CBOE,344596
2023/11/28,QQQ,S,CBOE,233448
2023/11/29,QQQ,S,CBOE,294694
2023/11/30,QQQ,S,CBOE,302370
2023/12/01,QQQ,S,CBOE,275827
2023/12/04,QQQ,S,CBOE,348809
2023/12/05,QQQ,S,CBOE,252789
2023/12/06,QQQ,S,CBOE,273536
2023/12/07,QQQ,S,CBOE,261219
2023/12/08,QQQ,S,CBOE,278177
2023/12/11,QQQ,S,CBOE,329342
2023/12/12,QQQ,S,CBOE,332060
2023/12/13,QQQ,S,CBOE,363357
2023/12/14,QQQ,S,CBOE,388574
2023/12/15,QQQ,S,CBOE,327525
2023/12/18,QQQ,S,CBOE,290295
2023/12/19,QQQ,S,CBOE,294526
2023/12/20,QQQ,S,CBOE,375222
2023/12/21,QQQ,S,CBOE,302147
2023/12/22,QQQ,S,CBOE,270361
2023/12/26,QQQ,S,CBOE,273693
2023/12/27,QQQ,S,CBOE,279694
2023/12/28,QQQ,S,CBOE,252781
2023/12/29,QQQ,S,CBOE,281263
2024/01/02,QQQ,S,CBOE,361974
2024/01/03,QQQ,S,CBOE,311719
2024/01/04,QQQ,S,CBOE,262435
2024/01/05,QQQ,S,CBOE,288931
2024/01/08,QQQ,S,CBOE,337981
2024/01/09,QQQ,S,CBOE,265947
2024/01/10,QQQ,S,CBOE,327160
2024/01/11,QQQ,S,CBOE,292878
2024/01/12,QQQ,S,CBOE,257416
2024/01/16,QQQ,S,CBOE,345819
2024/01/17,QQQ,S,CBOE,347044
2024/01/18,QQQ,S,CBOE,362192
2024/01/19,QQQ,S,CBOE,465031
2024/01/22,QQQ,S,CBOE,329311
2024/01/23,QQQ,S,CBOE,254498
2024/01/24,QQQ,S,CBOE,429473
2024/01/25,QQQ,S,CBOE,333509
2024/01/26,QQQ,S,CBOE,316146
2024/01/29,QQQ,S,CBOE,394750
2024/01/30,QQQ,S,CBOE,296095
2024/01/31,QQQ,S,CBOE,430626
2024/02/01,QQQ,S,CBOE,285913
2024/02/02,QQQ,S,CBOE,367046
2024/02/05,QQQ,S,CBOE,313399
2024/02/06,QQQ,S,CBOE,406221
2024/02/07,QQQ,S,CBOE,360699
2024/02/08,QQQ,S,CBOE,263322
2024/02/09,QQQ,S,CBOE,296861
2024/02/12,QQQ,S,CBOE,339272
2024/02/13,QQQ,S,CBOE,449380
2024/02/14,QQQ,S,CBOE,329025
2024/02/15,QQQ,S,CBOE,301072
2024/02/16,QQQ,S,CBOE,402807
2024/02/20,QQQ,S,CBOE,417871
2024/02/21,QQQ,S,CBOE,408408
2024/02/22,QQQ,S,CBOE,467284
2024/02/23,QQQ,S,CBOE,382286
2024/02/26,QQQ,S,CBOE,283204
2024/02/27,QQQ,S,CBOE,266934
2024/02/28,QQQ,S,CBOE,288712
2024/02/29,QQQ,S,CBOE,383610
2024/03/01,QQQ,S,CBOE,443513
2024/03/04,QQQ,S,CBOE,309920
2024/03/05,QQQ,S,CBOE,459060
2024/03/06,QQQ,S,CBOE,349010
2024/03/07,QQQ,S,CBOE,313369
2024/03/08,QQQ,S,CBOE,466515
2024/03/11,QQQ,S,CBOE,323083
2024/03/12,QQQ,S,CBOE,391342
2024/03/13,QQQ,S,CBOE,293612
2024/03/14,QQQ,S,CBOE,328172
2024/03/15,QQQ,S,CBOE,398379
2024/03/18,QQQ,S,CBOE,330007
2024/03/19,QQQ,S,CBOE,337742
2024/03/20,QQQ,S,CBOE,308755
2024/03/21,QQQ,S,CBOE,400341
2024/03/22,QQQ,S,CBOE,293669
2024/03/25,QQQ,S,CBOE,298572
2024/03/26,QQQ,S,CBOE,292024
2024/03/27,QQQ,S,CBOE,355392
2024/03/28,QQQ,S,CBOE,345883
2024/04/01,QQQ,S,CBOE,365955
2024/04/02,QQQ,S,CBOE,327688
2024/04/03,QQQ,S,CBOE,476937
2024/04/04,QQQ,S,CBOE,495341
2024/04/05,QQQ,S,CBOE,441548
2024/04/08,QQQ,S,CBOE,297803
2024/04/09,QQQ,S,CBOE,320176
2024/04/10,QQQ,S,CBOE,345129
2024/04/11,QQQ,S,CBOE,403775
2024/04/12,QQQ,S,CBOE,449537
2024/04/15,QQQ,S,CBOE,447383
2024/04/16,QQQ,S,CBOE,336206
2024/04/17,QQQ,S,CBOE,572709
2024/04/18,QQQ,S,CBOE,525373
2024/04/19,QQQ,S,CBOE,580553
2024/04/22,QQQ,S,CBOE,416161
2024/04/23,QQQ,S,CBOE,373465
2024/04/24,QQQ,S,CBOE,336596
2024/04/25,QQQ,S,CBOE,362483
2024/04/26,QQQ,S,CBOE,361929
2024/04/29,QQQ,S,CBOE,369329
2024/04/30,QQQ,S,CBOE,299070
2024/05/01,QQQ,S,CBOE,332420
2024/05/02,QQQ,S,CBOE,351473
2024/05/03,QQQ,S,CBOE,378208
2024/05/06,QQQ,S,CBOE,265493
2024/05/07,QQQ,S,CBOE,276961
2024/05/08,QQQ,S,CBOE,264166
2024/05/09,QQQ,S,CBOE,328662
2024/05/10,QQQ,S,CBOE,305035
2024/05/13,QQQ,S,CBOE,224306
2024/05/14,QQQ,S,CBOE,312658
2024/05/15,QQQ,S,CBOE,500023
2024/05/16,QQQ,S,CBOE,263140
2024/05/17,QQQ,S,CBOE,261202
2024/05/20,QQQ,S,CBOE,270313
2024/05/21,QQQ,S,CBOE,212679
2024/05/22,QQQ,S,CBOE,229780
2024/05/23,QQQ,S,CBOE,409882
2024/05/24,QQQ,S,CBOE,312126
2024/05/28,QQQ,S,CBOE,253071
2024/05/29,QQQ,S,CBOE,203740
2024/05/30,QQQ,S,CBOE,331754
2024/05/31,QQQ,S,CBOE,440263
2024/06/03,QQQ,S,CBOE,360705
2024/06/04,QQQ,S,CBOE,343022
2024/06/05,QQQ,S,CBOE,354942
2024/06/06,QQQ,S,CBOE,249480
2024/06/07,QQQ,S,CBOE,295311
2024/06/10,QQQ,S,CBOE,278381
2024/06/11,QQQ,S,CBOE,233826
2024/06/12,QQQ,S,CBOE,403683
2024/06/13,QQQ,S,CBOE,311555
2024/06/14,QQQ,S,CBOE,263200
2024/06/17,QQQ,S,CBOE,402329
2024/06/18,QQQ,S,CBOE,272803
2024/06/20,QQQ,S,CBOE,281465
2024/06/21,QQQ,S,CBOE,282972
2024/06/24,QQQ,S,CBOE,276355
2024/06/25,QQQ,S,CBOE,196754
2024/06/26,QQQ,S,CBOE,210219
2024/06/27,QQQ,S,CBOE,162014
2024/06/28,QQQ,S,CBOE,276540
2024/07/01,QQQ,S,CBOE,192309
2024/07/02,QQQ,S,CBOE,250714
2024/07/03,QQQ,S,CBOE,221967
2024/07/05,QQQ,S,CBOE,280065
2024/07/08,QQQ,S,CBOE,261161
2024/07/09,QQQ,S,CBOE,295890
2024/07/10,QQQ,S,CBOE,314843
2024/07/11,QQQ,S,CBOE,440466
2024/07/12,QQQ,S,CBOE,344495
2024/07/15,QQQ,S,CBOE,347367
2024/07/16,QQQ,S,CBOE,315482
2024/07/17,QQQ,S,CBOE,460904
2024/07/18,QQQ,S,CBOE,444813
2024/07/19,QQQ,S,CBOE,445961
2024/07/22,QQQ,S,CBOE,337536
2024/07/23,QQQ,S,CBOE,265059
2024/07/24,QQQ,S,CBOE,564311
2024/07/25,QQQ,S,CBOE,613597
2024/07/26,QQQ,S,CBOE,320687
2024/07/29,QQQ,S,CBOE,287569
2024/07/30,QQQ,S,CBOE,367746
2024/07/31,QQQ,S,CBOE,315040
2024/08/01,QQQ,S,CBOE,390455
2024/08/02,QQQ,S,CBOE,405838
2024/08/05,QQQ,S,CBOE,341278
2024/08/06,QQQ,S,CBOE,321590
2024/08/07,QQQ,S,CBOE,359321
2024/08/08,QQQ,S,CBOE,426273
2024/08/09,QQQ,S,CBOE,332642
2024/08/12,QQQ,S,CBOE,293568
2024/08/13,QQQ,S,CBOE,319531
2024/08/14,QQQ,S,CBOE,334878
2024/08/15,QQQ,S,CBOE,395058
2024/08/16,QQQ,S,CBOE,243223
2024/08/19,QQQ,S,CBOE,311556
2024/08/20,QQQ,S,CBOE,304070
2024/08/21,QQQ,S,CBOE,255581
2024/08/22,QQQ,S,CBOE,393431
2024/08/23,QQQ,S,CBOE,310454
2024/08/26,QQQ,S,CBOE,352531
2024/08/27,QQQ,S,CBOE,245373
2024/08/28,QQQ,S,CBOE,318077
2024/08/29,QQQ,S,CBOE,304481
2024/08/30,QQQ,S,CBOE,300958
2024/09/03,QQQ,S,CBOE,427874
2024/09/04,QQQ,S,CBOE,304453
2024/09/05,QQQ,S,CBOE,293365
2024/09/06,QQQ,S,CBOE,387077
2024/09/09,QQQ,S,CBOE,323616
2024/09/10,QQQ,S,CBOE,426115
2024/09/11,QQQ,S,CBOE,462258
2024/09/12,QQQ,S,CBOE,389944
2024/09/13,QQQ,S,CBOE,289123
2024/09/16,QQQ,S,CBOE,368004
2024/09/17,QQQ,S,CBOE,437539
2024/09/18,QQQ,S,CBOE,309342
2024/09/19,QQQ,S,CBOE,506765
2024/09/20,QQQ,S,CBOE,468326
2024/09/23,QQQ,S,CBOE,343806
2024/09/24,QQQ,S,CBOE,264276
2024/09/25,QQQ,S,CBOE,260859
2024/09/26,QQQ,S,CBOE,353993
2024/09/27,QQQ,S,CBOE,305607
2024/09/30,QQQ,S,CBOE,441054
2024/10/01,QQQ,S,CBOE,462226
2024/10/02,QQQ,S,CBOE,259194
2024/10/03,QQQ,S,CBOE,320184
2024/10/04,QQQ,S,CBOE,400248
2024/10/07,QQQ,S,CBOE,308087
2024/10/08,QQQ,S,CBOE,319051
2024/10/09,QQQ,S,CBOE,340207
2024/10/10,QQQ,S,CBOE,307471
2024/10/11,QQQ,S,CBOE,263333
2024/10/14,QQQ,S,CBOE,286093
2024/10/15,QQQ,S,CBOE,422728
2024/10/16,QQQ,S,CBOE,289396
2024/10/17,QQQ,S,CBOE,341223
2024/10/18,QQQ,S,CBOE,255705
2024/10/21,QQQ,S,CBOE,327465
2024/10/22,QQQ,S,CBOE,397166
2024/10/23,QQQ,S,CBOE,437347
2024/10/24,QQQ,S,CBOE,304125
2024/10/25,QQQ,S,CBOE,414462
2024/10/28,QQQ,S,CBOE,284669
2024/10/29,QQQ,S,CBOE,332095
2024/10/30,QQQ,S,CBOE,385139
2024/10/31,QQQ,S,CBOE,422913
2024/11/01,QQQ,S,CBOE,330400
2024/11/04,QQQ,S,CBOE,316067
2024/11/05,QQQ,S,CBOE,325560
2024/11/06,QQQ,S,CBOE,346760
2024/11/07,QQQ,S,CBOE,378297
2024/11/08,QQQ,S,CBOE,247941
2024/11/11,QQQ,S,CBOE,269371
2024/11/12,QQQ,S,CBOE,413320
2024/11/13,QQQ,S,CBOE,284123
2024/11/14,QQQ,S,CBOE,383602
2024/11/15,QQQ,S,CBOE,552340
2024/11/18,QQQ,S,CBOE,378671
2024/11/19,QQQ,S,CBOE,360688
2024/11/20,QQQ,S,CBOE,328771
2024/11/21,QQQ,S,CBOE,454192
2024/11/22,QQQ,S,CBOE,325116
2024/11/25,QQQ,S,CBOE,418481
2024/11/26,QQQ,S,CBOE,386130
2024/11/27,QQQ,S,CBOE,330862
2024/11/29,QQQ,S,CBOE,233242
2024/12/02,QQQ,S,CBOE,421680
2024/12/03,QQQ,S,CBOE,308787
2024/12/04,QQQ,S,CBOE,305854
2024/12/05,QQQ,S,CBOE,282746
2024/12/06,QQQ,S,CBOE,269315
2024/12/09,QQQ,S,CBOE,284281
2024/12/10,QQQ,S,CBOE,292601
2024/12/11,QQQ,S,CBOE,376345
2024/12/12,QQQ,S,CBOE,264705
2024/12/13,QQQ,S,CBOE,406391
2024/12/16,QQQ,S,CBOE,338951
2024/12/17,QQQ,S,CBOE,328779
2024/12/18,QQQ,S,CBOE,350736
2024/12/19,QQQ,S,CBOE,362038
2024/12/20,QQQ,S,CBOE,417391
2024/12/23,QQQ,S,CBOE,347065
2024/12/24,QQQ,S,CBOE,253990
2024/12/26,QQQ,S,CBOE,262640
2024/12/27,QQQ,S,CBOE,412375
2024/12/30,QQQ,S,CBOE,314595
2024/12/31,QQQ,S,CBOE,390440
2025/01/02,QQQ,S,CBOE,414244
2025/01/03,QQQ,S,CBOE,293937
2025/01/06,QQQ,S,CBOE,337564
2025/01/07,QQQ,S,CBOE,446477
