ts_event,volume
2014/01/02,5.672698793574618
2014/01/03,8.044391121775645
2014/01/06,4.692394854362461
2014/01/07,15.091148436979271
2014/01/08,11.308238352329534
2014/01/09,7.9469106178764255
2014/01/10,8.950709858028393
2014/01/13,13.472805438912216
2014/01/14,14.011531027127907
2014/01/15,17.640805172298872
2014/01/16,22.447843764580416
2014/01/17,12.415183629940678
2014/01/21,6.133439978670933
2014/01/22,5.163967206558688
2014/01/23,10.492568153036059
2014/01/24,16.494701059788042
2014/01/27,21.054289142171566
2014/01/28,13.056555355595547
2014/01/29,12.238052389522096
2014/01/30,67.20789175498234
2014/01/31,26.826468039725388
2014/02/03,15.66386722655469
2014/02/04,23.89872025594881
2014/02/05,26.51419716056789
2014/02/06,11.87995734186496
2014/02/07,13.731087115910151
2014/02/10,9.888022395520895
2014/02/11,12.760281277077917
2014/02/12,11.768646270745851
2014/02/13,15.207125241618344
2014/02/14,17.75761514363794
2014/02/18,15.034826368059722
2014/02/19,11.540691861627675
2014/02/20,10.513397320535892
2014/02/21,15.500066653336
2014/02/24,14.768379657401853
2014/02/25,14.04269146170766
2014/02/26,17.871758981537024
2014/02/27,10.928647603812571
2014/02/28,25.41608344997667
2014/03/03,9.544091181763648
2014/03/04,11.32240218622942
2014/03/05,8.911051123108711
2014/03/06,12.579484103179364
2014/03/07,15.836832633473305
2014/03/10,4.0775178297673795
2014/03/11,9.52126241418383
2014/03/12,11.482203559288143
2014/03/13,16.287242551489705
2014/03/14,17.826268079717387
2014/03/17,6.062120909151503
2014/03/18,8.103545957475172
2014/03/19,12.779610744517763
2014/03/20,14.201826301406387
2014/03/21,23.800073318669597
2014/03/24,14.270479237485837
2014/03/25,7.25121642338199
2014/03/26,10.743351329734054
2014/03/27,16.982936745984137
2014/03/28,17.11007798440312
2014/03/31,10.678197693794575
2014/04/01,17.87375858161701
2014/04/02,8.464473771912285
2014/04/03,10.127807771778977
2014/04/04,41.1381057121909
2014/04/07,24.033359994667734
2014/04/08,19.91018462974072
2014/04/09,23.781743651269746
2014/04/10,38.88688928880891
2014/04/11,39.146337399186834
2014/04/14,13.289675398253683
2014/04/15,29.66373391988269
2014/04/16,20.51339732053589
2014/04/17,20.345764180497234
2014/04/21,14.195994134506432
2014/04/22,11.27224555088982
2014/04/23,18.224521762314204
2014/04/24,21.97077251216423
2014/04/25,28.588448976871295
2014/04/28,18.875724855028995
2014/04/29,12.646304072518829
2014/04/30,12.137739118842898
2014/05/01,13.081050456575353
2014/05/02,16.459208158368327
2014/05/05,9.507598480303939
2014/05/06,8.356828634273146
2014/05/07,21.051123108711593
2014/05/08,19.940678530960472
2014/05/09,19.944011197760446
2014/05/12,16.36339398786909
2014/05/13,14.804039192161566
2014/05/14,6.782810104645738
2014/05/15,18.500633206691994
2014/05/16,16.106612010931148
2014/05/19,9.781710324601747
2014/05/20,10.219122842098246
2014/05/21,10.928980870492568
2014/05/22,8.478304339132174
2014/05/23,8.173032060254616
2014/05/27,16.4125508231687
2014/05/28,9.669566086782645
2014/05/29,8.975371592348196
2014/05/30,11.166100113310671
2014/06/02,7.9269146170765845
2014/06/03,5.28377657801773
2014/06/04,8.345330933813237
2014/06/05,8.933046723988536
2014/06/06,10.389755382256883
2014/06/09,8.043058055055656
2014/06/10,3.0178964207158567
2014/06/11,7.297540491901619
2014/06/12,13.48496967273212
2014/06/13,7.494834366460042
2014/06/16,6.8594614410451245
2014/06/17,4.287642471505699
2014/06/18,5.7060254615743515
2014/06/19,9.054022528827568
2014/06/20,9.21132440178631
2014/06/23,12.4625074985003
2014/06/24,14.960507898420317
2014/06/25,6.559021529027528
2014/06/26,8.30750516563354
2014/06/27,6.431547023928548
2014/06/30,14.126508031726988
2014/07/01,13.680263947210559
2014/07/02,3.977871092448177
2014/07/03,5.994301139772046
2014/07/07,8.345664200493234
2014/07/08,23.60344597747117
2014/07/09,10.809504765713523
2014/07/10,15.940978470972473
2014/07/11,12.68979537425848
2014/07/14,11.242584816370059
2014/07/15,14.140505232286877
2014/07/16,5.644871025794841
2014/07/17,30.018996200759844
2014/07/18,25.48823568619609
2014/07/21,9.17749783376658
2014/07/22,7.290541891621675
2014/07/23,17.962740785176297
2014/07/24,8.654602412850764
2014/07/25,9.023528627607812
2014/07/28,8.584449776711324
2014/07/29,8.77141238418983
2014/07/30,8.436479370792508
2014/07/31,26.103279344131174
2014/08/01,17.66746650669866
2014/08/04,11.936945944144504
2014/08/05,14.24731720322602
2014/08/06,8.076717989735387
2014/08/07,11.104945677531159
2014/08/08,13.282010264613744
2014/08/11,8.985036326068121
2014/08/12,6.355062320869159
2014/08/13,13.112044257815104
2014/08/14,13.836899286809304
2014/08/15,21.935446244084517
2014/08/18,19.316470039325466
2014/08/19,9.725554889022195
2014/08/20,8.545790841831634
2014/08/21,6.016630007331867
2014/08/22,9.049023528627608
2014/08/25,10.553056055455576
2014/08/26,10.36626008131707
2014/08/27,9.962340865160302
2014/08/28,5.30877157901753
2014/08/29,11.087949076851295
2014/09/02,8.689262147570485
2014/09/03,14.784709724721722
2014/09/04,10.995634206492035
2014/09/05,9.708058388322335
2014/09/08,16.79797373858562
2014/09/09,21.066786642671463
2014/09/10,18.820569219489435
2014/09/11,17.794607745117645
2014/09/12,13.41998267013264
2014/09/15,20.24145170965807
2014/09/16,13.87639138838899
2014/09/17,13.81773645270946
2014/09/18,15.880157301872957
2014/09/19,18.51646337399187
2014/09/22,16.828134373125376
2014/09/23,10.315936812637473
2014/09/24,16.535526228087715
2014/09/25,22.814603745917484
2014/09/26,15.540391921615676
2014/09/29,11.383556622008932
2014/09/30,15.019329467439846
2014/10/01,19.76371392388189
2014/10/02,25.28261014463774
2014/10/03,17.580817169899355
2014/10/06,15.59371459041525
2014/10/07,16.145937479170833
2014/10/08,26.079284143171368
2014/10/09,40.549390121975605
2014/10/10,54.96833966540026
2014/10/13,23.614443777911085
2014/10/14,23.087049256815302
2014/10/15,40.3247683796574
2014/10/16,29.126674665066986
2014/10/17,28.41964940345264
2014/10/20,12.855762180897154
2014/10/21,44.96417383190029
2014/10/22,21.258414983669933
2014/10/23,24.5125974805039
2014/10/24,14.547923748583615
2014/10/27,10.84749716723322
2014/10/28,16.20875824835033
2014/10/29,14.636406052122908
2014/10/30,10.154135839498766
2014/10/31,20.66370059321469
2014/11/03,9.815703525961474
2014/11/04,10.055988802239552
2014/11/05,6.806805305605545
2014/11/06,12.66496700659868
2014/11/07,9.125341598346997
2014/11/10,8.546457375191627
2014/11/11,6.9624408451643
2014/11/12,9.336466040125309
2014/11/13,11.186762647470507
2014/11/14,15.03865893487969
2014/11/17,9.326468039725388
2014/11/18,10.557221888955542
2014/11/19,6.245917483170032
2014/11/20,11.624675064987002
2014/11/21,19.845864160501232
2014/11/24,8.444311137772445
2014/11/25,7.270379257481836
2014/11/26,5.904152502832767
2014/11/28,6.799473438645605
2014/12/01,14.690895154302472
2014/12/02,7.795940811837633
2014/12/03,4.307305205625542
2014/12/04,9.841531693661269
2014/12/05,10.484569752716123
2014/12/08,17.329700726521363
2014/12/09,13.576951276411384
2014/12/10,18.363160701193095
2014/12/11,19.71389055522229
2014/12/12,21.59234819702726
2014/12/15,15.870992468173032
2014/12/16,23.116876624675065
2014/12/17,21.298240351929614
2014/12/18,23.693427981070453
2014/12/19,13.167033260014662
2014/12/22,9.3374658401653
2014/12/23,10.135472905418915
2014/12/24,2.4416783310004666
2014/12/26,6.343397987069253
2014/12/29,5.490568552956075
2014/12/30,4.223155368926214
2014/12/31,13.521462374191827
2015/01/02,16.72665466906619
2015/01/05,12.21755648870226
2015/01/06,15.7748450309938
2015/01/07,11.776644671065787
2015/01/08,17.219722722122242
2015/01/09,22.817936412717458
2015/01/12,14.540425248283675
2015/01/13,27.141071785642872
2015/01/14,18.593281343731256
2015/01/15,36.87845764180497
2015/01/16,20.633373325334933
2015/01/20,10.029827367859761
2015/01/21,8.109544757715122
2015/01/22,16.439545424248482
2015/01/23,11.99376791308405
2015/01/26,8.388488968872892
2015/01/27,20.13897220555889
2015/01/28,20.465573551956275
2015/01/29,15.13363993867893
2015/01/30,15.459074851696327
2015/02/02,16.451543024728387
2015/02/03,11.050789842031595
2015/02/04,11.3375658201693
2015/02/05,8.821069119509431
2015/02/06,9.960507898420316
2015/02/09,6.979937345864161
2015/02/10,10.167799773378658
2015/02/11,8.257848430313937
2015/02/12,12.636472705458909
2015/02/13,17.271712324201825
2015/02/17,7.7787775778177695
2015/02/18,6.10877824435113
2015/02/19,9.73022062254216
2015/02/20,14.078850896487369
2015/02/23,6.428880890488569
2015/02/24,11.989102179564087
2015/02/25,10.772345530893821
2015/02/26,9.186496034126508
2015/02/27,13.039725388255683
2015/03/02,6.873125374925015
2015/03/03,9.043357995067653
2015/03/04,10.05615543557955
2015/03/05,7.640138638938879
2015/03/06,24.46760647870426
2015/03/09,14.325801506365393
2015/03/10,15.284109844697728
2015/03/11,10.341598346997268
2015/03/12,8.453642604812371
2015/03/13,16.388222355528896
2015/03/16,11.709491435046324
2015/03/17,6.514697060587881
2015/03/18,16.96527361194428
2015/03/19,10.006165433579952
2015/03/20,8.339165500233287
2015/03/23,8.03006065453576
2015/03/24,3.0830500566553356
2015/03/25,22.996067453176032
2015/03/26,17.21872292208225
2015/03/27,11.36739318802906
2015/03/30,5.7903419316136775
2015/03/31,11.762980737185897
2015/04/01,10.619542758115044
2015/04/02,8.651436379390788
2015/04/06,8.310171299073518
2015/04/07,5.117809771379058
2015/04/08,6.342898087049257
2015/04/09,8.812904085849496
2015/04/10,9.046190761847631
2015/04/13,10.965473571952277
2015/04/14,8.648103712590816
2015/04/15,7.0775844831033785
2015/04/16,9.920349263480638
2015/04/17,19.178497633806572
2015/04/20,13.459808038392321
2015/04/21,6.449043524628408
2015/04/22,4.774378457641805
2015/04/23,12.507165233619943
2015/04/24,18.435812837432515
2015/04/27,11.094947677131241
2015/04/28,11.983436646004133
2015/04/29,10.432080250616544
2015/04/30,19.609578084383124
2015/05/01,13.284176498033725
2015/05/04,5.068986202759448
2015/05/05,18.842231553689263
2015/05/06,16.153602612810772
2015/05/07,10.194127841098446
2015/05/08,13.996867293208027
2015/05/11,5.958141704992335
2015/05/12,12.087082583483303
2015/05/13,8.829067519829367
2015/05/14,9.899186829300806
2015/05/15,5.749016863294008
2015/05/18,3.670599213490635
2015/05/19,16.59584749716723
2015/05/20,5.208958208358328
2015/05/21,6.512530827167899
2015/05/22,9.684729720722522
2015/05/26,10.044991001799639
2015/05/27,9.315470239285476
2015/05/28,7.53365993467973
2015/05/29,12.06975271612344
2015/06/01,7.932580150636539
2015/06/02,6.812637472505499
2015/06/03,9.903186029460773
2015/06/04,14.307305205625543
2015/06/05,11.504865693527961
2015/06/08,10.868659601413052
2015/06/09,19.347797107245217
2015/06/10,11.95244284476438
2015/06/11,25.75501566353396
2015/06/12,13.35499566753316
2015/06/15,10.903319336132773
2015/06/16,6.27607811770979
2015/06/17,10.468073052056255
2015/06/18,18.5251283076718
2015/06/19,13.20869159501433
2015/06/22,6.773645270945811
2015/06/23,4.04752382856762
2015/06/24,6.17243218023062
2015/06/25,8.107378524295141
2015/06/26,13.192528161034458
2015/06/29,18.80223955208958
2015/06/30,13.243517963074053
2015/07/01,8.53862560821169
2015/07/02,10.511564353795908
2015/07/06,5.366093447977071
2015/07/07,11.318236352729453
2015/07/08,9.188995534226487
2015/07/09,9.658401653002732
2015/07/10,10.548556955275611
2015/07/13,10.149636739318803
2015/07/14,7.248550289942012
2015/07/15,6.062954075851496
2015/07/16,7.948743584616411
2015/07/17,14.230820502566152
2015/07/20,12.533326667999734
2015/07/21,11.40255282276878
2015/07/22,9.363793907885091
2015/07/23,6.433713257348531
2015/07/24,20.895320935812837
2015/07/27,9.66123441978271
2015/07/28,7.48633606612011
2015/07/29,10.23611944277811
2015/07/30,9.96983936546024
2015/07/31,9.706725321602345
2015/08/03,6.974105178964207
2015/08/04,11.679497433846564
2015/08/05,7.869259481437046
2015/08/06,25.918649603412653
2015/08/07,12.254382456841965
2015/08/10,6.055955475571553
2015/08/11,10.247783776578018
2015/08/12,22.4623408651603
2015/08/13,9.541924948343665
2015/08/14,9.519429447443844
2015/08/17,6.931946943944545
2015/08/18,4.602079584083183
2015/08/19,11.662000933146704
2015/08/20,18.238352329534095
2015/08/21,28.413483969872694
2015/08/24,28.364160501233087
2015/08/25,16.199260147970406
2015/08/26,35.98080383923216
2015/08/27,18.74025194961008
2015/08/28,14.950843164700393
2015/08/31,5.880657201892955
2015/09/01,20.69869359461441
2015/09/02,15.950809838032393
2015/09/03,19.463107378524295
2015/09/04,11.501033126707991
2015/09/08,13.550789842031593
2015/09/09,13.897053922548825
2015/09/10,12.088082383523295
2015/09/11,13.832900086649335
2015/09/14,3.654602412850763
2015/09/15,6.460874491768314
2015/09/16,15.892821435712856
2015/09/17,18.490635206292076
2015/09/18,14.236652669466107
2015/09/21,5.368926214757049
2015/09/22,11.639672065586883
2015/09/23,5.624375124975005
2015/09/24,17.004765713523962
2015/09/25,13.638272345530893
2015/09/28,16.95910817836433
2015/09/29,16.770479237485837
2015/09/30,11.819469439445445
2015/10/01,7.885922815436913
2015/10/02,19.00403252682797
2015/10/05,10.002166233419983
2015/10/06,9.578084383123375
2015/10/07,6.867126574685063
2015/10/08,19.199160167966404
2015/10/09,8.929547423848563
2015/10/12,1.584016530027328
2015/10/13,5.520729187495834
2015/10/14,10.2124575084983
2015/10/15,6.82863427314537
2015/10/16,11.315903485969473
2015/10/19,4.410784509764714
2015/10/20,5.0036659334799705
2015/10/21,7.4791708325001665
2015/10/22,10.290775178297675
2015/10/23,19.023028727587814
2015/10/26,3.5447910417916417
2015/10/27,5.818169699393454
2015/10/28,10.557721788975538
2015/10/29,7.161567686462708
2015/10/30,6.064120509231487
2015/11/02,6.171765646870626
2015/11/03,5.599880023995201
2015/11/04,5.8404985669532765
2015/11/05,5.777177897753782
2015/11/06,9.128174365126975
2015/11/09,6.730987135906153
2015/11/10,5.703359328134374
2015/11/11,4.2249883356662
2015/11/12,6.241751649670066
2015/11/13,22.14507098580284
2015/11/16,5.996800639872026
2015/11/17,14.394121175764846
2015/11/18,6.625008331667
2015/11/19,5.28127707791775
2015/11/20,8.543957875091648
2015/11/23,5.162800773178698
2015/11/24,3.8497300539892017
2015/11/25,0.8015063653935879
2015/11/27,0.3234353129374125
2015/11/30,1.7783110044657733
2015/12/01,2.5578217689795375
2015/12/02,9.686729320802506
2015/12/03,11.706658668266346
2015/12/04,11.823302006265415
2015/12/07,2.914750383256682
2015/12/08,8.050723188695594
2015/12/09,11.212090915150304
2015/12/10,5.862827434513098
2015/12/11,20.861161101113108
2015/12/14,14.839365460241286
2015/12/15,5.244451109778044
2015/12/16,6.640005332266879
2015/12/17,9.04002532826768
2015/12/18,11.509198160367927
2015/12/21,7.999566753316004
2015/12/22,1.5360261281077119
2015/12/23,1.8864560421249084
2015/12/24,1.2524161834299807
2015/12/28,1.2490835166300074
2015/12/29,6.213257348530294
2015/12/30,1.2640805172298872
2015/12/31,6.448876891288409
2016/01/04,8.060387922415517
2016/01/05,15.617876424715057
2016/01/06,8.018562954075852
2016/01/07,22.17289875358262
2016/01/08,12.567819769379456
2016/01/11,13.721255748850231
2016/01/12,13.594281143771244
2016/01/13,14.47893754582417
2016/01/14,14.866859961341063
2016/01/15,20.1624675064987
2016/01/19,7.914250483236686
2016/01/20,40.105645537559155
2016/01/21,9.24115176964607
2016/01/22,13.22985402919416
2016/01/25,4.211491035126308
2016/01/26,8.054555755515564
2016/01/27,17.511830967139904
2016/01/28,6.024295140971805
2016/01/29,9.486436046124108
2016/02/01,7.134573085382924
2016/02/02,7.6136439378790906
2016/02/03,14.741051789642071
2016/02/04,10.398253682596813
2016/02/05,22.45984136506032
2016/02/08,50.502066253415975
2016/02/09,23.74391788309005
2016/02/10,10.495734186496033
2016/02/11,10.615876824635073
2016/02/12,11.90128640938479
2016/02/16,7.306372058921549
2016/02/17,34.86785976138106
2016/02/18,8.565286942611477
2016/02/19,11.285909484769713
2016/02/22,5.454575751516363
2016/02/23,8.294507765113645
2016/02/24,14.893354662400855
2016/02/25,8.569286142771446
2016/02/26,6.08128374325135
2016/02/29,9.65873491968273
2016/03/01,10.999133506632006
2016/03/02,9.519262814103847
2016/03/03,7.388688928880891
2016/03/04,36.88895554222489
2016/03/07,5.708358328334333
2016/03/08,10.771012464173833
2016/03/09,4.731720322602146
2016/03/10,13.152702792774779
2016/03/11,8.50629874025195
2016/03/14,4.488435646204093
2016/03/15,3.1730320602546156
2016/03/16,6.676498033726588
2016/03/17,11.119942678131041
2016/03/18,8.484803039392123
2016/03/21,3.2443511297740453
2016/03/22,6.574851696327401
2016/03/23,9.223655268946212
2016/03/24,5.367593148037059
2016/03/28,1.412884089848697
2016/03/29,15.833166699993335
2016/03/30,3.465473571952276
2016/03/31,6.590681863627275
2016/04/01,4.292974738385656
2016/04/04,5.207125241618344
2016/04/05,2.7007931746983935
2016/04/06,8.401653002732786
2016/04/07,10.450409918016398
2016/04/08,9.681563687262546
2016/04/11,5.152302872758781
2016/04/12,4.186662667466506
2016/04/13,8.246184096514032
2016/04/14,10.936479370792508
2016/04/15,5.791008464973672
2016/04/18,1.704659068186363
2016/04/19,11.335899486769312
2016/04/20,3.7029260814503764
2016/04/21,3.922048923548624
2016/04/22,18.299173498633607
2016/04/25,5.604212490835167
2016/04/26,7.314870359261481
2016/04/27,10.81500366593348
2016/04/28,8.229187495834168
2016/04/29,21.26741318402986
2016/05/02,12.389022195560887
2016/05/03,3.232853429314137
2016/05/04,6.050789842031594
2016/05/05,13.809738052389523
2016/05/06,11.885956142104913
2016/05/09,5.307938412317537
2016/05/10,6.639838698926881
2016/05/11,7.716956608678265
2016/05/12,9.088682263547291
2016/05/13,8.151536359394788
2016/05/16,3.5546224088515634
2016/05/17,7.987402519496101
2016/05/18,4.285309604745717
2016/05/19,7.656468706258749
2016/05/20,9.348130373925216
2016/05/23,1.9721055788842232
2016/05/24,5.774178497633806
2016/05/25,7.118243018063055
2016/05/26,3.678264347130574
2016/05/27,5.529894021195761
2016/05/31,2.4135172965406917
2016/06/01,4.754882356861961
2016/06/02,4.18499633406652
2016/06/03,5.8040058654935685
2016/06/06,2.960241285076318
2016/06/07,4.051356395387589
2016/06/08,1.9524428447643805
2016/06/09,3.217689795374259
2016/06/10,8.192861427714456
2016/06/13,5.3654269146170765
2016/06/14,6.098613610611211
2016/06/15,3.348663600613211
2016/06/16,15.659368126374726
2016/06/17,9.702226221422382
2016/06/20,7.625474905018996
2016/06/21,6.708491635006332
2016/06/22,3.262014263813904
2016/06/23,10.525228287675798
2016/06/24,25.224455108978205
2016/06/27,19.249983336666
2016/06/28,7.116076784643072
2016/06/29,10.964973671932281
2016/06/30,9.18632940078651
2016/07/01,7.207725121642339
2016/07/05,4.2638139038858895
2016/07/06,3.815403585949477
2016/07/07,9.53126041458375
2016/07/08,9.47377191228421
2016/07/11,11.009298140371925
2016/07/12,6.080117309871359
2016/07/13,7.704125841498367
2016/07/14,9.750216623341998
2016/07/15,9.801706325401586
2016/07/18,7.579484103179364
2016/07/19,12.972905418916216
2016/07/20,11.025461574351796
2016/07/21,8.900553222688796
2016/07/22,15.545224288475637
2016/07/25,10.090648536959275
2016/07/26,10.082816769979337
2016/07/27,10.606711990935146
2016/07/28,7.023262014263813
2016/07/29,10.85732853429314
2016/08/01,8.40881823635273
2016/08/02,10.650536559354794
2016/08/03,5.186129440778511
2016/08/04,3.397653802572819
2016/08/05,13.141871625674865
2016/08/08,6.332733453309339
2016/08/09,10.38259014863694
2016/08/10,13.40115310271279
2016/08/11,4.629574085182964
2016/08/12,6.067286542691462
2016/08/15,5.811670999133507
2016/08/16,4.831533693261348
2016/08/17,6.505698860227954
2016/08/18,6.410717856428715
2016/08/19,8.640605212290875
2016/08/22,5.064487102579484
2016/08/23,6.2107578484303145
2016/08/24,9.57375191628341
2016/08/25,5.015996800639872
2016/08/26,18.41964940345264
2016/08/29,2.727121242418183
2016/08/30,4.98633606612011
2016/08/31,21.180597213890557
2016/09/01,8.517629807371858
2016/09/02,23.705758848230353
2016/09/06,6.431547023928548
2016/09/07,4.804205825501566
2016/09/08,6.29757381856962
2016/09/09,16.687829100846496
2016/09/12,12.472838765580217
2016/09/13,7.125074985003
2016/09/14,7.761447710457908
2016/09/15,18.20369259481437
2016/09/16,9.992834766380057
2016/09/19,5.571552356195427
2016/09/20,5.679030860494567
2016/09/21,8.358161700993135
2016/09/22,13.107045257615143
2016/09/23,16.823302006265415
2016/09/26,6.8879557421848965
2016/09/27,7.607645137639139
2016/09/28,10.394254482436846
2016/09/29,11.28874225154969
2016/09/30,7.827434513097381
2016/10/03,3.783909884689729
2016/10/04,4.286476038125708
2016/10/05,3.201026461374392
2016/10/06,2.546157435179631
2016/10/07,6.650669866026794
2016/10/10,5.61504365793508
2016/10/11,6.838299006865293
2016/10/12,2.8430980470572553
2016/10/13,5.693361327734453
2016/10/14,7.3738585616210095
2016/10/17,3.472138905552223
2016/10/18,3.7220889155502235
2016/10/19,3.7587482503499303
2016/10/20,5.842831433713258
2016/10/21,9.16616676664667
2016/10/24,4.556921948943544
2016/10/25,7.452009598080384
2016/10/26,9.134673065386922
2016/10/27,7.134906352062921
2016/10/28,16.96127441178431
2016/10/31,4.353629274145171
2016/11/01,7.860594547757114
2016/11/02,6.242251549690062
2016/11/03,20.391754982336867
2016/11/04,7.779777377857762
2016/11/07,15.380757181896954
2016/11/08,16.660501233086716
2016/11/09,14.39362127574485
2016/11/10,22.835432913417318
2016/11/11,13.861727654469105
2016/11/14,10.92748117043258
2016/11/15,12.332700126641338
2016/11/16,3.293008065053656
2016/11/17,9.715390255282278
2016/11/18,11.464707058588282
2016/11/21,3.5071319069519427
2016/11/22,7.591315070319269
2016/11/23,4.507765113643938
2016/11/25,2.6704659068186363
2016/11/28,2.331866959941345
2016/11/29,3.833066719989336
2016/11/30,4.858528294341132
2016/12/01,15.369592748117041
2016/12/02,7.930413917216557
2016/12/05,4.264313803905885
2016/12/06,2.442011597680464
2016/12/07,4.403286009464773
2016/12/08,6.539025528227688
2016/12/09,9.791041791641671
2016/12/12,3.8735586216090114
2016/12/13,16.016963274011864
2016/12/14,8.068053056055456
2016/12/15,7.342198227021263
2016/12/16,5.033826568019729
2016/12/19,6.394554422448843
2016/12/20,0.0
2016/12/21,5.224455108978204
2016/12/22,1.513363993867893
2016/12/23,0.16246750649870026
2016/12/27,2.645137639138839
2016/12/28,8.475804839032193
2016/12/29,6.900786509364794
2016/12/30,18.00773178697594
2017/01/03,4.584583083383324
2017/01/04,4.051856295407585
2017/01/05,3.381490368592948
2017/01/06,7.139738718922882
2017/01/09,3.180863827234553
2017/01/10,7.913084049856696
2017/01/11,3.740751849630074
2017/01/12,6.385389588748917
2017/01/13,5.720522562154236
2017/01/17,1.315236952609478
2017/01/18,1.7584816370059324
2017/01/19,3.3166699993334667
2017/01/20,4.927847763780577
2017/01/23,1.4300473238685596
2017/01/24,2.9632406851962942
2017/01/25,8.570285942811438
2017/01/26,7.096247417183229
2017/01/27,5.516896620675865
2017/01/30,6.387222555488902
2017/01/31,7.665133639938679
2017/02/01,5.2742784776378056
2017/02/02,4.046524028527628
2017/02/03,9.460441245084317
2017/02/06,1.7559821369059523
2017/02/07,3.7357528494301144
2017/02/08,2.09874691728321
2017/02/09,11.066120109311472
2017/02/10,6.207591814970339
2017/02/13,16.572852096247416
2017/02/14,3.8427314537092583
2017/02/15,8.35866160101313
2017/02/16,6.861461041125108
2017/02/17,6.007798440311938
2017/02/21,8.67626474705059
2017/02/22,8.37365860161301
2017/02/23,13.289842031593682
2017/02/24,14.774545090981803
2017/02/27,4.540258614943678
2017/02/28,4.032860094647737
2017/03/01,10.506065453575951
2017/03/02,4.6072452176231415
2017/03/03,7.193061387722456
2017/03/06,5.80633873225355
2017/03/07,7.379524095180964
2017/03/08,7.516996600679864
2017/03/09,10.575218289675398
2017/03/10,9.607745117643137
2017/03/13,5.3465973471972275
2017/03/14,6.755648870225955
2017/03/15,27.08391655002333
2017/03/16,8.854562420849163
2017/03/17,7.565986802639473
2017/03/20,14.533260014663735
2017/03/21,17.107745117643137
2017/03/22,9.80137305872159
2017/03/23,7.458508298340331
2017/03/24,10.934313137372525
2017/03/27,4.368126374725055
2017/03/28,8.845730853829235
2017/03/29,3.8933879890688528
2017/03/30,8.772745450909818
2017/03/31,20.453409318136373
2017/04/03,7.110744517763114
2017/04/04,5.821335732853429
2017/04/05,26.69366126774645
2017/04/06,10.983636606012132
2017/04/07,11.996434046524028
2017/04/10,11.40738518962874
2017/04/11,20.971472372192228
2017/04/12,8.869892688129042
2017/04/13,17.727287875758183
2017/04/17,4.9256815303605945
2017/04/18,9.787875758181697
2017/04/19,10.390921815636872
2017/04/20,9.038192361527694
2017/04/21,21.91478370992468
2017/04/24,13.282176897953743
2017/04/25,15.966640005332266
2017/04/26,6.839465440245284
2017/04/27,8.988202359528094
2017/04/28,12.230887155902153
2017/05/01,13.635106312070919
2017/05/02,14.21515696860628
2017/05/03,6.534026528027728
2017/05/04,14.695894154502435
2017/05/05,9.779544091181764
2017/05/08,5.981470372592148
2017/05/09,18.770579217489836
2017/05/10,23.324001866293408
2017/05/11,9.1751649670066
2017/05/12,11.632173565286942
2017/05/15,7.560154635739519
2017/05/16,12.239218822902085
2017/05/17,26.78380990468573
2017/05/18,26.478204359128178
2017/05/19,16.918283010064652
2017/05/22,7.18372992068253
2017/05/23,6.009131507031927
2017/05/24,12.563320669199493
2017/05/25,22.566986602679464
2017/05/26,9.081017129907352
2017/05/30,19.60141305072319
2017/05/31,22.67829767379857
2017/06/01,7.7999400119976
2017/06/02,21.231087115910153
2017/06/05,12.315203625941479
2017/06/06,12.470172632140239
2017/06/07,4.5144304472438845
2017/06/08,10.777511164433779
2017/06/09,49.98150369926015
2017/06/12,55.53622608811571
2017/06/13,17.91341731653669
2017/06/14,23.400986469372793
2017/06/15,32.151403052722785
2017/06/16,22.726787975738187
2017/06/19,16.91378390988469
2017/06/20,21.137605812170897
2017/06/21,6.643171365726855
2017/06/22,7.249383456642004
2017/06/23,24.70139305472239
2017/06/26,19.44494434446444
2017/06/27,29.615576884623074
2017/06/28,27.136406052122908
2017/06/29,50.37809104845697
2017/06/30,23.573118709591416
2017/07/03,9.421449043524628
2017/07/05,26.177597813770582
2017/07/06,28.001233086715988
2017/07/07,20.99230153969206
2017/07/10,15.236119442778111
2017/07/11,13.844231153769245
2017/07/12,19.776711324401784
2017/07/13,11.234586416050123
2017/07/14,24.44611077784443
2017/07/17,25.770679197493834
2017/07/18,20.904485769512764
2017/07/19,29.35696194094514
2017/07/20,44.77187895754183
2017/07/21,35.84883023395321
2017/07/24,17.32886755982137
2017/07/25,11.789808704925681
2017/07/26,4.642071585682864
2017/07/27,42.86342731453709
2017/07/28,25.420749183496632
2017/07/31,10.533226687995734
2017/08/01,19.07251882956742
2017/08/02,23.02622808771579
2017/08/03,16.40988468972872
2017/08/04,13.207025261614344
2017/08/07,16.841465040325268
2017/08/08,19.4501099780044
2017/08/09,19.974338465640205
2017/08/10,46.99826701326401
2017/08/11,20.328934213157368
2017/08/14,20.65286942611478
2017/08/15,22.425681530360595
2017/08/16,15.638205692194894
2017/08/17,46.225421582350194
2017/08/18,36.54619076184763
2017/08/21,35.89798706925282
2017/08/22,10.56988602279544
2017/08/23,7.5509898020395925
2017/08/24,14.171832300206624
2017/08/25,21.468039725388255
2017/08/28,6.444544424448444
2017/08/29,14.987169232820102
2017/08/30,16.503199360127972
2017/08/31,25.977471172432182
2017/09/01,10.804505765513564
2017/09/05,20.552222888755583
2017/09/06,20.935646204092514
2017/09/07,9.34763047390522
2017/09/08,14.49743384656402
2017/09/11,9.768213024061854
2017/09/12,17.100079984003198
2017/09/13,7.09258148370326
2017/09/14,24.268313004065853
2017/09/15,32.06725321602346
2017/09/18,13.960541225088315
2017/09/19,6.801639672065588
2017/09/20,20.91515030327268
2017/09/21,16.48886889288809
2017/09/22,20.57755115643538
2017/09/25,29.62774111844298
2017/09/26,27.157401852962742
2017/09/27,18.974371792308204
2017/09/28,7.98990201959608
2017/09/29,18.251349730053988
2017/10/02,43.17003266013464
2017/10/03,19.70505898820236
2017/10/04,8.71625674865027
2017/10/05,15.633706592014931
2017/10/06,11.369392788109046
2017/10/09,9.25248283676598
2017/10/10,8.838398986869294
2017/10/11,12.377857761780978
2017/10/12,14.96517363194028
2017/10/13,18.215856828634273
2017/10/16,16.3625608211691
2017/10/17,10.864327134573086
2017/10/18,13.000233286675996
2017/10/19,27.118409651403052
2017/10/20,21.508364993667932
2017/10/23,17.991901619676064
2017/10/24,6.5176964607078585
2017/10/25,22.27037925748184
2017/10/26,14.093014730387257
2017/10/27,31.160934479770713
2017/10/30,15.801173098713592
2017/10/31,14.688562287542492
2017/11/01,14.15500233286676
2017/11/02,14.583916550023329
2017/11/03,14.174831700326601
2017/11/06,13.288342331533693
2017/11/07,8.099546757315204
2017/11/08,9.503266013463973
2017/11/09,18.059221489035526
2017/11/10,21.63267346530694
2017/11/13,9.63107378524295
2017/11/14,15.165966806638673
2017/11/15,9.634406452042924
2017/11/16,16.977271212424185
2017/11/17,14.078517629807372
2017/11/20,10.824835032993402
2017/11/21,14.368459641405051
2017/11/22,8.035559554755716
2017/11/24,10.582383523295341
2017/11/27,18.298340331933613
2017/11/28,12.995234286476038
2017/11/29,45.29577417849763
2017/11/30,15.915816836632674
2017/12/01,30.086649336799308
2017/12/04,18.62894087849097
2017/12/05,12.438512297540493
2017/12/06,14.084516430047325
2017/12/07,9.551589682063586
2017/12/08,16.412384189828703
2017/12/11,9.73621942278211
2017/12/12,9.705892154902353
2017/12/13,10.923981870292607
2017/12/14,9.114177164567087
2017/12/15,33.55312270879158
2017/12/18,15.939312137572486
2017/12/19,18.4123175364927
2017/12/20,15.468906218756247
2017/12/21,5.324101846297407
2017/12/22,12.38002399520096
2017/12/26,4.016030127307872
2017/12/27,7.4831700326601345
2017/12/28,3.8457308538292345
2017/12/29,14.109011531027127
2018/01/02,11.232586815970139
2018/01/03,13.03522628807572
2018/01/04,14.650569886022796
2018/01/05,34.08251682996734
2018/01/08,13.623775244951009
2018/01/09,16.732153569286144
2018/01/10,30.164300473238686
2018/01/11,32.28021062454176
2018/01/12,21.50386589348797
2018/01/16,18.97270545890822
2018/01/17,18.08988202359528
2018/01/18,36.84763047390522
2018/01/19,11.630673865226955
2018/01/22,20.245450909818036
2018/01/23,18.69742718123042
2018/01/24,34.12117576484703
2018/01/25,22.70762514163834
2018/01/26,17.399520095980805
2018/01/29,26.87079250816503
2018/01/30,32.44584416450043
2018/01/31,21.398053722588816
2018/02/01,23.375158301673
2018/02/02,44.42444844364461
2018/02/05,63.49463440645204
2018/02/06,30.227454509098177
2018/02/07,15.771512364193827
2018/02/08,36.26891288408985
2018/02/09,36.507865093647936
2018/02/12,17.649470105978804
2018/02/13,14.539592081583683
2018/02/14,21.089615410251284
2018/02/15,24.213324001866294
2018/02/16,20.9378124375125
2018/02/20,13.014730387255883
2018/02/21,17.443011397720458
2018/02/22,16.896620675864828
2018/02/23,23.862227554489102
2018/02/26,21.018129707391857
2018/02/27,17.89892021595681
2018/02/28,12.631473705258948
2018/03/01,37.051589682063586
2018/03/02,41.48103712590815
2018/03/05,13.111544357795108
2018/03/06,13.628440978470973
2018/03/07,35.69786042791442
2018/03/08,13.181530360594548
2018/03/09,27.594314470439247
2018/03/12,13.293341331733654
2018/03/13,39.45360927814437
2018/03/14,20.822668799573417
2018/03/15,9.977337865760182
2018/03/16,9.666733320002665
2018/03/19,29.709891355062325
2018/03/20,16.054789042191562
2018/03/21,15.981970272612145
2018/03/22,31.41371725654869
2018/03/23,42.168732920082654
2018/03/26,24.473105378924213
2018/03/27,34.68406318736253
2018/03/28,45.24095180963808
2018/03/29,32.11157768446311
2018/04/02,32.95990801839632
2018/04/03,21.885622875424914
2018/04/04,27.6624675064987
2018/04/05,17.621808971539025
2018/04/06,21.673831900286608
2018/04/09,18.541625008331668
2018/04/10,20.335432913417318
2018/04/11,12.624808371659002
2018/04/12,22.25388255682197
2018/04/13,20.850996467373193
2018/04/16,18.16503365993468
2018/04/17,28.333833233353328
2018/04/18,23.904219156168764
2018/04/19,20.12747450509898
2018/04/20,22.275378257681798
2018/04/23,16.69466106778644
2018/04/24,31.60851163100713
2018/04/25,32.40901819636073
2018/04/26,27.993567953076052
2018/04/27,37.564820369259486
2018/04/30,16.128107711790975
2018/05/01,23.371825634873026
2018/05/02,14.667233220022663
2018/05/03,20.52622808771579
2018/05/04,22.527161234419783
2018/05/07,28.63893887889089
2018/05/08,14.031527027927748
2018/05/09,13.6126108111711
2018/05/10,25.104145837499164
2018/05/11,17.19622742118243
2018/05/14,11.733153369326136
2018/05/15,21.095780843831232
2018/05/16,11.180097313870558
2018/05/17,12.943244684396454
2018/05/18,11.224588415650203
2018/05/21,9.399620075984803
2018/05/22,5.965473571952276
2018/05/23,11.995934146504032
2018/05/24,9.52992734786376
2018/05/25,8.838565620209291
2018/05/29,10.716190095314271
2018/05/30,11.550356595347596
2018/05/31,9.957175231620342
2018/06/01,16.18592948077051
2018/06/04,18.292008265013664
2018/06/05,19.15733519962674
2018/06/06,20.484069852696127
2018/06/07,15.139638738918885
2018/06/08,19.778377657801773
2018/06/11,8.623275344931013
2018/06/12,9.251816303405985
2018/06/13,18.80123975204959
2018/06/14,33.64910351263081
2018/06/15,17.805438912217557
2018/06/18,11.620342598147037
2018/06/19,20.939478770912483
2018/06/20,13.721255748850231
2018/06/21,18.52679464107179
2018/06/22,20.435912817436513
2018/06/25,33.403485969472776
2018/06/26,25.067986402719455
2018/06/27,19.670399253482636
2018/06/28,19.74005198960208
2018/06/29,23.308171698993537
2018/07/02,8.9748716923282
2018/07/03,11.08261680997134
2018/07/05,19.063353995867494
2018/07/06,21.34889688728921
2018/07/09,13.048390321935614
2018/07/10,16.214090515230286
2018/07/11,8.167699793374657
2018/07/12,22.272045590881824
2018/07/13,25.027494501099778
2018/07/16,18.607111910951144
2018/07/17,19.204159168166367
2018/07/18,14.398620275944813
2018/07/19,8.965706858628273
2018/07/20,22.845764180497234
2018/07/23,21.19742718123042
2018/07/24,27.441011797640474
2018/07/25,16.447877091248415
2018/07/26,18.195860827834434
2018/07/27,33.69792708125042
2018/07/30,49.218156368726255
2018/07/31,21.419716056788644
2018/08/01,13.482303539292143
2018/08/02,35.94231153769246
2018/08/03,12.976571352396189
2018/08/06,31.656835299606744
2018/08/07,16.105445577551155
2018/08/08,15.54639072185563
2018/08/09,9.888189028860895
2018/08/10,18.75474905018996
2018/08/13,7.894921015796841
2018/08/14,9.348963540625208
2018/08/15,21.240918482970073
2018/08/16,9.904852362860762
2018/08/17,25.71385722855429
2018/08/20,7.382356861960941
2018/08/21,9.355462240885156
2018/08/22,7.163733919882691
2018/08/23,10.27744451109778
2018/08/24,20.200959808038395
2018/08/27,19.732220222622143
2018/08/28,8.541291741651671
2018/08/29,24.810037992401522
2018/08/30,20.417916416716654
2018/08/31,14.069519429447444
2018/09/04,8.865726854629074
2018/09/05,18.256515363593948
2018/09/06,27.761114443777913
2018/09/07,27.760614543757917
2018/09/10,16.133439978670932
2018/09/11,9.61007798440312
2018/09/12,14.136506032126908
2018/09/13,11.678664267146571
2018/09/14,13.665433579950676
2018/09/17,15.089648736919283
2018/09/18,9.907018596280743
2018/09/19,10.400586549356795
2018/09/20,12.679797373858563
2018/09/21,19.33230020662534
2018/09/24,6.511864293807905
2018/09/25,7.124408451643005
2018/09/26,24.085182963407316
2018/09/27,12.359194827701128
2018/09/28,9.612077584483103
2018/10/01,23.9748716923282
2018/10/02,6.4397120575884825
2018/10/03,12.56365393587949
2018/10/04,30.06831966939945
2018/10/05,39.74105178964207
2018/10/08,19.778377657801773
2018/10/09,16.943278011064454
2018/10/10,50.44107845097648
2018/10/11,46.72882090248617
2018/10/12,33.382656801972935
2018/10/15,26.832966739985338
2018/10/16,23.3374991668333
2018/10/17,18.734253149370126
2018/10/18,24.622408851563023
2018/10/19,32.384023195360925
2018/10/22,17.43384656402053
2018/10/23,27.055422248883552
2018/10/24,25.70235952809438
2018/10/25,31.878624275144972
2018/10/26,41.55518896220756
2018/10/29,44.08401653002733
2018/10/30,25.242284876358063
2018/10/31,39.680563887222554
2018/11/01,26.117609811371057
2018/11/02,28.425481570352595
2018/11/05,11.78480970472572
2018/11/06,11.714823701926282
2018/11/07,35.393587949076846
2018/11/08,19.987169232820104
2018/11/09,16.424548423648602
2018/11/12,23.73991868293008
2018/11/13,14.166999933346663
2018/11/14,17.40285276278078
2018/11/15,27.240885156302074
2018/11/16,24.654069186162765
2018/11/19,35.90048656935279
2018/11/20,49.797040591881625
2018/11/21,11.412217556488702
2018/11/23,6.115943477971072
2018/11/26,12.446677331200426
2018/11/27,14.319636072785444
2018/11/28,26.80313937212557
2018/11/29,22.145404252482837
2018/11/30,16.00263280677198
2018/12/03,21.37222555488902
2018/12/04,25.527061254415784
2018/12/06,21.948277011264413
2018/12/07,28.530793841231755
2018/12/10,32.92824768379658
2018/12/11,20.563054055855496
2018/12/12,21.55402252882757
2018/12/13,10.789008864893688
2018/12/14,20.425748183696594
2018/12/17,33.3876558021729
2018/12/18,18.383323335332932
2018/12/19,19.51992934746384
2018/12/20,33.282010264613746
2018/12/21,35.817003266013465
2018/12/24,9.333133373325335
2018/12/26,26.754649070185966
2018/12/27,17.253049390121973
2018/12/28,18.46397387189229
2018/12/31,13.838565620209293
2019/01/02,12.947243884556423
2019/01/03,20.710357928414318
2019/01/04,23.857061920949143
2019/01/07,16.07978404319136
2019/01/08,14.16883290008665
2019/01/09,20.38342331533693
2019/01/10,14.53276011464374
2019/01/11,19.672732120242618
2019/01/14,14.597413850563221
2019/01/15,27.86142771445711
2019/01/16,10.668199693394655
2019/01/17,25.170132640138636
2019/01/18,32.83176697993734
2019/01/22,20.047657135239618
2019/01/23,17.035259614743715
2019/01/24,9.174165166966606
2019/01/25,16.014130507231886
2019/01/28,10.882323535292942
2019/01/29,23.597280543891223
2019/01/30,10.850496567353197
2019/01/31,25.588049056855294
2019/02/01,22.1998933546624
2019/02/04,18.111544357795108
2019/02/05,21.970439245484236
2019/02/06,11.617176564687062
2019/02/07,18.64727054589082
2019/02/08,12.65113643937879
2019/02/11,6.393221355728854
2019/02/12,12.922915416916616
2019/02/13,11.431547023928548
2019/02/14,27.52999400119976
2019/02/15,11.993101379724056
2019/02/19,7.4831700326601345
2019/02/20,14.706891954942344
2019/02/21,9.999333466640005
2019/02/22,12.741951609678065
2019/02/25,19.60841165100313
2019/02/26,5.559888022395521
2019/02/27,14.66656668666267
2019/02/28,7.7936079450776505
2019/03/01,8.9498766913284
2019/03/04,19.5749183496634
2019/03/05,5.868659601413051
2019/03/06,5.183963207358528
2019/03/07,19.482770112644136
2019/03/08,12.730287275878158
2019/03/11,13.446144104512431
2019/03/12,16.50903152702793
2019/03/13,21.9501099780044
2019/03/14,14.061687662467506
2019/03/15,17.52616143437979
2019/03/18,14.140171965606879
2019/03/19,16.769146170765847
2019/03/20,21.458041724988338
2019/03/21,45.23528627607812
2019/03/22,25.374925014997
2019/03/25,14.546090781843631
2019/03/26,12.313537292541492
2019/03/27,8.455642204892355
2019/03/28,9.918183030060655
2019/03/29,9.99383456642005
2019/04/01,8.730753849230153
2019/04/02,10.43624608411651
2019/04/03,8.47363860561221
2019/04/04,9.482936745984137
2019/04/05,8.165366926614677
2019/04/08,5.9269812704125835
2019/04/09,9.739718722922081
2019/04/10,2.9239152169566087
2019/04/11,11.627841098446977
2019/04/12,18.01739652069586
2019/04/15,3.28001066453376
2019/04/16,17.5374925014997
2019/04/17,14.279144171165767
2019/04/18,12.720455908818238
2019/04/22,3.4638072385522896
2019/04/23,30.53389322135573
2019/04/24,8.405818836232754
2019/04/25,20.783343331333732
2019/04/26,10.302272878757583
2019/04/29,5.572218889555422
2019/04/30,8.429147503832567
2019/05/01,13.219856028794242
2019/05/02,9.998167033260016
2019/05/03,13.29734053189362
2019/05/06,16.71482370192628
2019/05/07,20.22362194227821
2019/05/08,7.849763380657201
2019/05/09,30.45107645137639
2019/05/10,21.45737519162834
2019/05/13,33.22652136239419
2019/05/14,12.140571885622876
2019/05/15,30.379424115176967
2019/05/16,37.18639605412251
2019/05/17,13.372992068253017
2019/05/20,10.73252016263414
2019/05/21,6.557021928947544
2019/05/22,8.555455575551555
2019/05/23,15.034659734719721
2019/05/24,10.87749116843298
2019/05/28,12.756615343597947
2019/05/29,20.52106245417583
2019/05/30,13.958374991668332
2019/05/31,21.398220355928814
2019/06/03,39.68939545424249
2019/06/04,20.85749516763314
2019/06/05,15.566386722655468
2019/06/06,14.914017196560689
2019/06/07,20.83499966673332
2019/06/10,16.324068519629407
2019/06/11,9.3876224755049
2019/06/12,4.783543291341732
2019/06/13,7.718622942078252
2019/06/14,7.866759981337065
2019/06/17,12.055088982203559
2019/06/18,15.206791974938346
2019/06/19,13.423981870292609
2019/06/20,23.415483569952674
2019/06/21,17.053922548823568
2019/06/24,9.714723721922281
2019/06/25,12.9627407851763
2019/06/26,9.514763713923882
2019/06/27,7.708958208358328
2019/06/28,11.133439978670932
2019/07/01,11.324735052989404
2019/07/02,11.254082516829968
2019/07/03,3.485469572752116
2019/07/05,7.29737385856162
2019/07/08,10.951476371392388
2019/07/09,8.885556222088915
2019/07/10,9.9750049990002
2019/07/11,7.330700526561354
2019/07/12,9.5874158501633
2019/07/15,8.651769646070786
2019/07/16,20.536892621475705
2019/07/17,11.589348796907286
2019/07/18,12.605478904219156
2019/07/19,10.595380923815236
2019/07/22,2.770779177497834
2019/07/23,9.983003399320136
2019/07/24,8.28367659801373
2019/07/25,5.449076851296407
2019/07/26,7.169232820102646
2019/07/29,3.8690595214290475
2019/07/30,8.46747317203226
2019/07/31,21.911451043124707
2019/08/01,22.003266013463975
2019/08/02,28.919049523428647
2019/08/05,28.551956275411584
2019/08/06,21.590848496967276
2019/08/07,16.224755048990204
2019/08/08,19.409118176364725
2019/08/09,13.916883290008663
2019/08/12,13.974538425648204
2019/08/13,18.505632206891956
2019/08/14,20.417749783376657
2019/08/15,14.459108178364326
2019/08/16,13.111377724455108
2019/08/19,11.478037725788177
2019/08/20,4.776378057721789
2019/08/21,11.992768113044058
2019/08/22,9.756048790241952
2019/08/23,30.71635672865427
2019/08/26,7.885089648736919
2019/08/27,16.76381390388589
2019/08/28,7.821768979537426
2019/08/29,17.44484436446044
2019/08/30,12.11357728454309
2019/09/03,7.988402319536093
2019/09/04,6.617009931347064
2019/09/05,10.166799973338666
2019/09/06,9.842364860361261
2019/09/09,12.490335266280077
2019/09/10,8.847063920549223
2019/09/11,9.32130240618543
2019/09/12,10.00499900019996
2019/09/13,9.506598680263947
2019/09/16,8.825568219689396
2019/09/17,8.235352929414118
2019/09/18,12.903086049456775
2019/09/19,21.729654069186164
2019/09/20,14.913184029860693
2019/09/23,8.39882023595281
2019/09/24,31.045457575151637
2019/09/25,14.968173032060255
2019/09/26,12.424515096980604
2019/09/27,28.7250883156702
2019/09/30,7.045257615143638
2019/10/01,9.766546690661867
2019/10/02,18.948543624608412
2019/10/03,16.98876891288409
2019/10/04,11.627841098446977
2019/10/07,4.231653669266146
2019/10/08,14.936012797440512
2019/10/09,5.61621009131507
2019/10/10,6.427381190428581
2019/10/11,15.877991068452976
2019/10/14,2.277377857761781
2019/10/15,9.489602079584083
2019/10/16,7.63264013863894
2019/10/17,6.502199560087981
2019/10/18,18.185696194094515
2019/10/21,5.374091848297007
2019/10/22,9.64007198560288
2019/10/23,5.464407118576284
2019/10/24,6.765646870625874
2019/10/25,12.8877557821769
2019/10/28,6.183263347330533
2019/10/29,7.155402252882757
2019/10/30,8.52629474105179
2019/10/31,8.50629874025195
2019/11/01,10.739685396254082
2019/11/04,8.795407585149636
2019/11/05,7.415516896620676
2019/11/06,11.564020529227488
2019/11/07,15.844664400453242
2019/11/08,10.357761780977139
2019/11/11,4.194161167766447
2019/11/12,7.338032393521296
2019/11/13,4.398120375924814
2019/11/14,7.789275478237685
2019/11/15,9.443111377724456
2019/11/18,6.124608411651003
2019/11/19,5.203459308138372
2019/11/20,6.599346797307206
2019/11/21,18.242351529694062
2019/11/22,6.750316603345998
2019/11/25,25.20129307471839
2019/11/26,3.8643937879090853
2019/11/27,11.90495234286476
2019/11/29,2.8997533826568023
2019/12/02,6.7661467706458716
2019/12/03,12.462174231820303
2019/12/04,6.049790041991602
2019/12/05,5.3932546823968535
2019/12/06,9.225654869026195
2019/12/09,3.5769512764113847
2019/12/10,2.497000599880024
2019/12/11,8.253016063453975
2019/12/12,10.00016663334
2019/12/13,13.813237352529494
2019/12/16,12.608145037659135
2019/12/17,5.665700193294675
2019/12/18,14.154335799506764
2019/12/19,8.95120975804839
2019/12/20,11.064287142571485
2019/12/23,12.812437512497501
2019/12/24,0.09131507031926947
2019/12/26,9.946843964540426
2019/12/27,14.078184363127374
2019/12/30,9.69006198760248
2019/12/31,12.752949410117974
2020/01/02,11.163600613210692
2020/01/03,15.527394521095781
2020/01/06,10.043158035059655
2020/01/07,5.370259281477038
2020/01/08,13.101546357395188
2020/01/09,12.324368459641406
2020/01/10,16.675664867026594
2020/01/13,16.573018729587417
2020/01/14,9.00386589348797
2020/01/15,7.612644137839099
2020/01/16,11.319736052789441
2020/01/17,13.193361327734454
2020/01/21,9.371459041525029
2020/01/22,9.829700726521363
2020/01/23,9.723555288942212
2020/01/24,22.930580550556556
2020/01/27,17.893088049056853
2020/01/28,17.806771978937547
2020/01/29,14.370292608145038
2020/01/30,12.069919349463442
2020/01/31,25.43357995067653
2020/02/03,6.321069119509431
2020/02/04,19.50526561354396
2020/02/05,14.165333599946678
2020/02/06,11.060954475771512
2020/02/07,16.387222555488904
2020/02/10,9.794374458441645
2020/02/11,27.33070052656135
2020/02/12,14.199326801306405
2020/02/13,16.36506032126908
2020/02/14,13.254349130173965
2020/02/18,8.405818836232754
2020/02/19,12.399186829300806
2020/02/20,15.34243151369726
2020/02/21,33.417816436712656
2020/02/24,26.389555422248883
2020/02/25,53.88172365526894
2020/02/26,24.434613077384522
2020/02/27,39.80503899220156
2020/02/28,37.59314803705925
2020/03/02,19.78604279144171
2020/03/03,22.78894221155769
2020/03/04,26.28007731786976
2020/03/05,17.914583749916684
2020/03/06,26.134773045390926
2020/03/09,21.597847097247218
2020/03/10,18.654602412850764
2020/03/11,28.37715790175298
2020/03/12,42.302372858761586
2020/03/13,20.034826368059722
2020/03/16,22.045590881823635
2020/03/17,17.17006598680264
2020/03/18,17.624141838299007
2020/03/19,18.4374791708325
2020/03/20,24.091848297007264
2020/03/23,16.47353862560821
2020/03/24,21.95710857828434
2020/03/25,25.88132373525295
2020/03/26,15.29360794507765
2020/03/27,13.927881090448576
2020/03/30,9.828867559821369
2020/03/31,10.42241551689662
2020/04/01,17.938079050856494
2020/04/02,11.65383589948677
2020/04/03,21.39138838898887
2020/04/06,15.101812970739187
2020/04/07,17.068086382723454
2020/04/08,9.985502899420116
2020/04/09,34.166833300006665
2020/04/13,13.269846030793842
2020/04/14,23.869892688129042
2020/04/15,9.497100579884023
2020/04/16,26.54519096180764
2020/04/17,23.60544557755116
2020/04/20,9.207158568286342
2020/04/21,21.709324801706327
2020/04/22,12.852096247417183
2020/04/23,18.444477771112446
2020/04/24,18.884556422048924
2020/04/27,15.422082250216624
2020/04/28,13.859394787709126
2020/04/29,16.662834099846695
2020/04/30,15.125641538358995
2020/05/01,20.904652402852765
2020/05/04,13.154535759514763
2020/05/05,12.645304272478839
2020/05/06,12.270879157501833
2020/05/07,12.659634739718722
2020/05/08,20.834499766713325
2020/05/11,10.914317136572684
2020/05/12,14.281810304605747
2020/05/13,24.032860094647738
2020/05/14,17.683963207358527
2020/05/15,15.330433913217355
2020/05/18,12.55382256881957
2020/05/19,11.122108911551024
2020/05/20,11.619676064787042
2020/05/21,8.014397120575884
2020/05/22,9.186662667466507
2020/05/26,11.070285942811438
2020/05/27,18.579117509831367
2020/05/28,18.319336132773444
2020/05/29,23.5751183096714
2020/06/01,22.43601279744051
2020/06/02,12.90241951609678
2020/06/03,19.45760847830434
2020/06/04,19.027194561087782
2020/06/05,23.92354862360861
2020/06/08,14.354129174165168
2020/06/09,18.079050856495368
2020/06/10,22.339032193561287
2020/06/11,34.585582883423314
2020/06/12,22.11874291808305
2020/06/15,14.208158368326334
2020/06/16,14.544757715123641
2020/06/17,12.31620342598147
2020/06/18,10.336099446777311
2020/06/19,20.64637072585483
2020/06/22,12.05258948210358
2020/06/23,18.272012264213824
2020/06/24,20.988635606212092
2020/06/25,12.624808371659002
2020/06/26,17.688129040858495
2020/06/29,11.242084916350063
2020/06/30,9.252149570085983
2020/07/01,14.755882156901952
2020/07/02,16.557188562287543
2020/07/06,17.594147837099246
2020/07/07,20.489235486236083
2020/07/08,15.33476638005732
2020/07/09,36.500199960008004
2020/07/10,19.204159168166367
2020/07/13,26.20625874825035
2020/07/14,29.914517096580685
2020/07/15,19.73988535626208
2020/07/16,18.58628274345131
2020/07/17,19.01003132706792
2020/07/20,21.817969739385457
2020/07/21,21.50636539358795
2020/07/22,13.125708191694994
2020/07/23,27.990901819636072
2020/07/24,41.112610811171095
2020/07/27,20.633373325334933
2020/07/28,12.990568552956075
2020/07/29,12.229054189162168
2020/07/30,19.677897753782577
2020/07/31,28.60727854429114
2020/08/03,17.4371792308205
2020/08/04,9.60624541758315
2020/08/05,8.14003865893488
2020/08/06,20.77751116443378
2020/08/07,26.091948277011262
2020/08/10,12.761780977137906
2020/08/11,16.048123708591618
2020/08/12,16.2124241818303
2020/08/13,17.65996800639872
2020/08/14,11.425214957008599
2020/08/17,8.776078117709792
2020/08/18,14.306305405585547
2020/08/19,13.671599013530628
2020/08/20,19.47210557888422
2020/08/21,21.183929880690528
2020/08/24,16.392054922348866
2020/08/25,17.194227821102444
2020/08/26,21.194594414450442
2020/08/27,22.87242551489702
2020/08/28,13.725588215690196
2020/08/31,14.200493234686395
2020/09/01,16.565186962607477
2020/09/02,33.12020929147504
2020/09/03,53.27034593081383
2020/09/04,52.84359794707725
2020/09/08,28.87622475504899
2020/09/09,15.231453709258147
2020/09/10,23.54379124175165
2020/09/11,38.934213157368525
2020/09/14,14.783376658001732
2020/09/15,19.413284009864693
2020/09/16,19.043024728387657
2020/09/17,36.00996467373192
2020/09/18,41.374391788309005
2020/09/21,23.07255215623542
2020/09/22,16.649170165966805
2020/09/23,23.08521629007532
2020/09/24,23.452976071452376
2020/09/25,22.973072052256217
2020/09/28,15.183963207358527
2020/09/29,12.690128640938477
2020/09/30,19.81620342598147
2020/10/01,23.727254549090183
2020/10/02,34.069186162767444
2020/10/05,13.04005865493568
2020/10/06,19.408951543024727
2020/10/07,12.754949010197961
2020/10/08,13.003899220155969
2020/10/09,23.64877024595081
2020/10/12,26.481870292608146
2020/10/13,15.596047457175233
2020/10/14,14.881856961940946
2020/10/15,16.70632540158635
2020/10/16,21.47870425914817
2020/10/19,16.363060721189097
2020/10/20,13.88005732186896
2020/10/21,11.85896154102513
2020/10/22,17.47650469906019
2020/10/23,12.66496700659868
2020/10/26,19.506098780243953
2020/10/27,10.65753515963474
2020/10/28,28.404819036192762
2020/10/29,25.339265480237287
2020/10/30,43.151869626074784
2020/11/02,13.213190695194294
2020/11/03,13.80990468572952
2020/11/04,36.6996600679864
2020/11/05,27.84843031393721
2020/11/06,21.52786109444778
2020/11/09,20.552889422115577
2020/11/10,24.568253016063455
2020/11/11,12.018929547423848
2020/11/12,17.95274278477638
2020/11/13,14.221322402186228
2020/11/16,10.021828967539825
2020/11/17,6.8019729387455845
2020/11/18,14.110677864427116
2020/11/19,13.134039858694926
2020/11/20,20.547057255215623
2020/11/23,12.772278877557822
2020/11/24,15.968472972072254
2020/11/25,7.342031593681265
2020/11/27,9.228987535826167
2020/11/30,13.46130773845231
2020/12/01,15.422082250216624
2020/12/02,8.92138239018863
2020/12/03,11.622008931547025
2020/12/04,21.992768113044058
2020/12/07,9.493434646404053
2020/12/08,8.58611611011131
2020/12/09,29.24131840298607
2020/12/10,22.361860961141105
2020/12/11,18.845564220489237
2020/12/14,10.118976204759047
2020/12/15,11.329400786509366
2020/12/16,10.833999866693327
2020/12/17,15.23978537625808
2020/12/18,18.213690595214292
2020/12/21,11.653335999466773
2020/12/22,8.533126707991736
2020/12/23,10.084483103379323
2020/12/24,8.316669999333467
2020/12/28,10.991635006332066
2020/12/29,14.225488235686196
2020/12/30,10.169299473438645
2020/12/31,12.97640471905619
2021/01/04,22.5876491368393
2021/01/05,11.463207358528296
2021/01/06,24.091681663667266
2021/01/07,16.742651469706058
2021/01/08,20.495567553156036
2021/01/11,17.631806971938946
2021/01/12,25.151469706058787
2021/01/13,13.172032260214625
2021/01/14,11.841131773645271
2021/01/15,23.114377124575086
2021/01/19,12.084416450043324
2021/01/20,26.698993534626407
2021/01/21,19.634406452042924
2021/01/22,21.283576618009732
2021/01/25,18.309671399053524
2021/01/26,10.297107245217624
2021/01/27,18.495634206492035
2021/01/28,13.169532760114643
2021/01/29,31.191095114310468
2021/02/01,13.65876824635073
2021/02/02,16.27907751782977
2021/02/03,14.959174831700325
2021/02/04,8.449310137972406
2021/02/05,21.661501033126708
2021/02/08,10.39125508231687
2021/02/09,8.590948476971272
2021/02/10,10.675531560354596
2021/02/11,11.37122575484903
2021/02/12,16.784476438045722
2021/02/16,16.84763047390522
2021/02/17,10.616876624675065
2021/02/18,14.986835966140106
2021/02/19,21.68299673398654
2021/02/22,18.645937479170833
2021/02/23,37.58115043657935
2021/02/24,16.690328600946476
2021/02/25,40.3124375124975
2021/02/26,27.535492901419715
2021/03/01,20.801006465373593
2021/03/02,17.892588149036857
2021/03/03,36.49820035992801
2021/03/04,67.29420782510165
2021/03/05,48.403152702792774
2021/03/08,22.83243351329734
2021/03/09,31.478204359128174
2021/03/10,25.360594547757113
2021/03/11,27.344197827101247
2021/03/12,31.116276744651074
2021/03/15,12.075251616343397
2021/03/16,21.583016729987335
2021/03/17,31.78864227154569
2021/03/18,32.78544291141772
2021/03/19,32.624975004999
2021/03/22,19.473105378924217
2021/03/23,13.379157501832967
2021/03/24,27.946577351196428
2021/03/25,45.16630007331867
2021/03/26,38.49630073985203
2021/03/29,21.036959274811704
2021/03/30,18.9250483236686
2021/03/31,46.93561287742452
2021/04/01,28.664767046590683
2021/04/05,24.185329600746517
2021/04/06,15.646703992534828
2021/04/07,10.786509364793707
2021/04/08,12.067086582683464
2021/04/09,22.487002599480103
2021/04/12,11.048123708591614
2021/04/13,17.05125641538359
2021/04/14,26.923448643604615
2021/04/15,24.534426448043725
2021/04/16,20.703525961474373
2021/04/19,16.04345797507165
2021/04/20,20.83383323335333
2021/04/21,10.893321335732853
2021/04/22,17.609811371059124
2021/04/23,19.020862494167833
2021/04/26,9.528594281143771
2021/04/27,8.493801239752049
2021/04/28,13.679764047190563
2021/04/29,16.498033726588016
2021/04/30,27.29054189162168
2021/05/03,9.572585482903419
2021/05/04,31.36889288808905
2021/05/05,25.87249216823302
2021/05/06,21.950276611344396
2021/05/07,21.107111910951144
2021/05/10,22.50249950009998
2021/05/11,30.355762180897155
2021/05/12,30.109644737719123
2021/05/13,22.06392054922349
2021/05/14,22.188062387522496
2021/05/17,12.564987002599482
2021/05/18,16.652836099446777
2021/05/19,21.528027727787777
2021/05/20,27.95624208491635
2021/05/21,24.901519696060788
2021/05/24,19.24881690328601
2021/05/25,10.341598346997268
2021/05/26,14.021362394187827
2021/05/27,13.013563953875892
2021/05/28,13.613110711191096
2021/06/01,16.205425581550355
2021/06/02,14.315470239285478
2021/06/03,29.325801506365394
2021/06/04,29.163833899886686
2021/06/07,11.034293141371727
2021/06/08,14.33863227354529
2021/06/09,13.32616809971339
2021/06/10,26.611844297807107
2021/06/11,11.807138572285544
2021/06/14,16.135439578750916
2021/06/15,14.00736519362794
2021/06/16,25.067319869359462
2021/06/17,25.069486102779443
2021/06/18,22.31653669266147
2021/06/21,19.68239685396254
2021/06/22,16.055122308871557
2021/06/23,16.08378324335133
2021/06/24,35.01599680063987
2021/06/25,19.35396254082517
2021/06/28,24.993834566420052
2021/06/29,22.484836366060122
2021/06/30,13.60511231087116
2021/07/01,15.949810037992401
2021/07/02,19.82020262614144
2021/07/06,28.704925681530362
2021/07/07,18.41515030327268
2021/07/08,19.396953942544826
2021/07/09,18.263347330533893
2021/07/12,19.36979270812504
2021/07/13,33.50296607345198
2021/07/14,21.93511297740452
2021/07/15,32.79944011197761
2021/07/16,27.436512697460508
2021/07/19,24.189162167566487
2021/07/20,14.527927747783774
2021/07/21,10.77017929747384
2021/07/22,10.037825768179697
2021/07/23,15.252116243417982
2021/07/26,11.544357795107645
2021/07/27,21.52319536092781
2021/07/28,16.884623075384923
2021/07/29,12.90525228287676
2021/07/30,23.003232686795975
2021/08/02,15.696860627874425
2021/08/03,11.640171965606879
2021/08/04,12.640805172298874
2021/08/05,11.374225154969006
2021/08/06,17.84893021395721
2021/08/09,11.289408784909686
2021/08/10,22.616476704659068
2021/08/11,24.174665066986602
2021/08/12,20.835666200093314
2021/08/13,12.095414250483238
2021/08/16,28.105878824235152
2021/08/17,25.492068253016065
2021/08/18,24.00869826034793
2021/08/19,30.739018862894085
2021/08/20,26.86762647470506
2021/08/23,27.781776977937746
2021/08/24,16.65233619942678
2021/08/25,15.28644271145771
2021/08/26,25.28161034459775
2021/08/27,22.927747783776578
2021/08/30,23.781743651269746
2021/08/31,11.852796107445178
2021/09/01,22.702792774778377
2021/09/02,25.01866293407985
2021/09/03,24.650403252682796
2021/09/07,22.156068786242752
2021/09/08,25.051989602079583
2021/09/09,27.454509098180363
2021/09/10,29.88119042858095
2021/09/13,36.87845764180497
2021/09/14,18.536459374791708
2021/09/15,28.15520229287476
2021/09/16,20.08898220355929
2021/09/17,29.97350529894021
2021/09/20,44.76404719056189
2021/09/21,14.034859694727722
2021/09/22,17.396687329200827
2021/09/23,25.316936612677466
2021/09/24,19.243484636406052
2021/09/27,21.296407385189628
2021/09/28,39.750383256682
2021/09/29,35.87399186829301
2021/09/30,31.618842898087053
2021/10/01,30.382090248616944
2021/10/04,31.478370992468175
2021/10/05,19.54759048190362
2021/10/06,21.895454242484835
2021/10/07,22.350696527361194
2021/10/08,20.718189695394255
2021/10/11,19.523428647603815
2021/10/12,14.314137172565486
2021/10/13,15.645704192494833
2021/10/14,29.358128374325137
2021/10/15,26.307905085649537
2021/10/18,18.114543757915083
2021/10/19,21.847797107245217
2021/10/20,21.27641138438979
2021/10/21,11.806138772245552
2021/10/22,27.064753715923484
2021/10/25,19.308471639005532
2021/10/26,39.818369659401455
2021/10/27,28.68409651403053
2021/10/28,21.120775844831034
2021/10/29,24.83020062654136
2021/11/01,23.857228554289144
2021/11/02,16.015796840631875
2021/11/03,28.002066253415986
2021/11/04,29.00236619342798
2021/11/05,25.04365793507965
2021/11/08,20.282110244617744
2021/11/09,20.001999600079984
2021/11/10,29.26648003732587
2021/11/11,16.345564220489237
2021/11/12,20.816336732653472
2021/11/15,13.849230153969206
2021/11/16,12.822268879557422
2021/11/17,17.982903419316138
2021/11/18,22.303539292141572
2021/11/19,27.960574551756316
2021/11/22,36.22842098247017
2021/11/23,35.041491701659666
2021/11/24,27.066086782643474
2021/11/26,19.833533293341333
2021/11/29,26.191428380990466
2021/11/30,33.287175898153706
2021/12/01,39.46544024528428
2021/12/02,29.18116376724655
2021/12/03,40.79700726521362
2021/12/06,28.71875624875025
2021/12/07,27.764280477237886
2021/12/08,19.301972938745585
2021/12/09,22.0370925814837
2021/12/10,26.11794307805106
2021/12/13,25.771678997533826
2021/12/14,25.156302072918752
2021/12/15,35.20412584149837
2021/12/16,32.67729787375858
2021/12/17,31.396887289208824
2021/12/20,24.519429447443844
2021/12/21,23.127207891754985
2021/12/22,28.721922282210226
2021/12/23,23.65760181297074
2021/12/27,28.670599213490632
2021/12/28,24.828034393121374
2021/12/29,62.03409318136372
2021/12/30,14.742884756382058
2021/12/31,26.88378990868493
2022/01/03,18.922715456908616
2022/01/04,25.14247150569886
2022/01/05,37.6871292408185
2022/01/06,29.63873891888289
2022/01/07,32.98856895287609
2022/01/10,47.63630607211891
2022/01/11,23.775411584349797
2022/01/12,28.28384323135373
2022/01/13,45.22995400919816
2022/01/14,33.80107311870959
2022/01/18,36.709824701726326
2022/01/19,29.274478437645808
2022/01/20,31.540525228287674
2022/01/21,60.33759914683729
2022/01/24,59.51509698060388
2022/01/25,31.7999733386656
2022/01/26,46.058954875691526
2022/01/27,31.651503032726787
2022/01/28,42.43501299740052
2022/01/31,38.06455375591548
2022/02/01,25.65370259281477
2022/02/02,31.05262280877158
2022/02/03,34.641405052322874
2022/02/04,29.978504299140173
2022/02/07,24.822202226221425
2022/02/08,18.51346397387189
2022/02/09,33.575118309671396
2022/02/10,33.646270745850835
2022/02/11,45.2376191428381
2022/02/14,30.741018462974072
2022/02/15,18.89238818902886
2022/02/16,24.41595014330467
2022/02/17,27.803439312137574
2022/02/18,36.919949343464644
2022/02/22,36.584683063387324
2022/02/23,45.35909484769713
2022/02/24,59.18099713390655
2022/02/25,47.79760714523762
2022/02/28,34.80620542558155
2022/03/01,22.99006865293608
2022/03/02,27.12840765180297
2022/03/03,26.988602279544093
2022/03/04,32.56848630273945
2022/03/07,37.334533093381324
2022/03/08,39.75904819036193
2022/03/09,31.28874225154969
2022/03/10,25.948143704592415
2022/03/11,24.522928747583816
2022/03/14,34.25431580350596
2022/03/15,26.295574218489637
2022/03/16,44.56408718256349
2022/03/17,28.079384123175366
2022/03/18,39.00553222688796
2022/03/21,42.91991601679664
2022/03/22,37.61481037125908
2022/03/23,35.94147837099247
2022/03/24,26.394554422448845
2022/03/25,34.54359128174365
2022/03/28,36.64700393254682
2022/03/29,35.69486102779444
2022/03/30,32.64480437245884
2022/03/31,31.58868226354729
2022/04/01,39.423282010264614
2022/04/04,25.683529960674534
2022/04/05,29.857028594281143
2022/04/06,42.67179897353863
2022/04/07,33.03256015463574
2022/04/08,34.048023728587616
2022/04/11,44.726721322402184
2022/04/12,45.25311604345797
2022/04/13,33.79707391854963
2022/04/14,38.66026794641072
2022/04/18,29.213990535226287
2022/04/19,22.1122442178231
2022/04/20,38.11104445777511
2022/04/21,32.3371992268213
2022/04/22,46.40371925614877
2022/04/25,45.14463773911884
2022/04/26,52.55815503565954
2022/04/27,40.477571152436184
2022/04/28,41.65100313270679
2022/04/29,44.44094514430447
2022/05/02,43.52229554089182
2022/05/03,22.10491235086316
2022/05/04,46.35772845430914
2022/05/05,45.71069119509431
2022/05/06,59.091515030327265
2022/05/09,46.038292341531694
2022/05/10,46.08344997667133
2022/05/11,47.26154769046191
2022/05/12,38.40515230287276
2022/05/13,43.003232686795975
2022/05/16,31.176764647070588
2022/05/17,27.874591748317002
2022/05/18,41.50636539358795
2022/05/19,31.674331800306604
2022/05/20,48.97837099246817
2022/05/23,30.52856095447577
2022/05/24,28.655602212890756
2022/05/25,32.14790375258282
2022/05/26,29.41661667666467
2022/05/27,35.884323135372924
2022/05/31,33.17386522695461
2022/06/01,34.23332000266613
2022/06/02,25.921482370192628
2022/06/03,33.522962074251815
2022/06/06,33.18286342731454
2022/06/07,23.228187695794176
2022/06/08,24.932180230620542
2022/06/09,32.13040725188296
2022/06/10,48.99270145970806
2022/06/13,49.85619542758115
2022/06/14,26.49136839298807
2022/06/15,50.831333733253345
2022/06/16,40.05482236885956
2022/06/17,42.51866293407985
2022/06/21,32.45317603146037
2022/06/22,36.358394987669136
2022/06/23,27.29154169166167
2022/06/24,41.209258148370324
2022/06/27,22.699460107978403
2022/06/28,34.786709324801706
2022/06/29,31.416716656668665
2022/06/30,34.10651203092715
2022/07/01,29.70389255482237
2022/07/05,32.68629607411851
2022/07/06,28.433146703992534
2022/07/07,34.99833366660001
2022/07/08,37.92891421715657
2022/07/11,27.539325468239685
2022/07/12,28.452642804772378
2022/07/13,43.84839698726921
2022/07/14,31.06012130907152
2022/07/15,31.70315936812638
2022/07/18,35.39092181563687
2022/07/19,36.331567019929345
2022/07/20,56.25341598346997
2022/07/21,51.01046457375191
2022/07/22,55.938978870892484
2022/07/25,38.22952076251416
2022/07/26,32.762947410517896
2022/07/27,59.44611077784443
2022/07/28,40.9114843697927
2022/07/29,47.3373658601613
2022/08/01,42.36852629474105
2022/08/02,39.32146903952543
2022/08/03,46.106612010931144
2022/08/04,33.74825034993002
2022/08/05,43.017063254015866
2022/08/08,44.3627941078451
2022/08/09,29.198160367926413
2022/08/10,41.580350596547355
2022/08/11,34.2628141038459
2022/08/12,36.76198093714591
2022/08/15,40.332766779977334
2022/08/16,30.97330533893221
2022/08/17,39.85352929414117
2022/08/18,24.538259014863694
2022/08/19,41.77397853762581
2022/08/22,39.03469306138772
2022/08/23,23.998033726588016
2022/08/24,26.270912484169834
2022/08/25,26.98160367926415
2022/08/26,49.627741118442984
2022/08/29,43.236519362794105
2022/08/30,34.54359128174365
2022/08/31,37.319036192761445
2022/09/01,50.7745117643138
2022/09/02,45.952142904752385
2022/09/06,38.408318336332734
2022/09/07,36.52202892754782
2022/09/08,30.269946010797838
2022/09/09,52.409851363060724
2022/09/12,29.212324201826302
2022/09/13,45.03482636805972
2022/09/14,38.40781843631274
2022/09/15,33.15470239285476
2022/09/16,39.15633539958675
2022/09/19,32.08874891688329
2022/09/20,22.877257881756982
2022/09/21,52.52566153435979
2022/09/22,46.636839298806905
2022/09/23,58.72442178231021
2022/09/26,42.88292341531694
2022/09/27,37.01942944744385
2022/09/28,34.07235219622742
2022/09/29,33.05088982203559
2022/09/30,42.5873158701593
2022/10/03,41.38672265546891
2022/10/04,37.5631540358595
2022/10/05,37.4871692328201
2022/10/06,34.05668866226755
2022/10/07,51.628507631806976
2022/10/10,34.34396454042525
2022/10/11,38.81657001932947
2022/10/12,35.38309004865693
2022/10/13,63.26084783043391
2022/10/14,55.85966140105312
2022/10/17,39.36096114110511
2022/10/18,40.43541291741652
2022/10/19,50.80900486569353
2022/10/20,36.0867826434713
2022/10/21,49.250649870025995
2022/10/24,39.63473971872292
2022/10/25,32.043757915083646
2022/10/26,47.744951009798044
2022/10/27,42.74545090981804
2022/10/28,58.595614210491235
2022/10/31,38.53329334133173
2022/11/01,21.170599213490636
2022/11/02,62.930580550556556
2022/11/03,39.702892754782376
2022/11/04,54.37829100846498
2022/11/07,34.6502366193428
2022/11/08,62.54432446843965
2022/11/09,47.470672532160236
2022/11/10,57.05525561554355
2022/11/11,60.59621409051523
2022/11/14,40.47623808571619
2022/11/15,50.11531027127908
2022/11/16,50.535559554755714
2022/11/17,44.09751383056722
2022/11/18,40.23595280943811
2022/11/21,32.375858161701
2022/11/22,46.15143637939079
2022/11/23,39.88285676198094
2022/11/25,15.929480770512564
2022/11/28,34.38395654202493
2022/11/29,38.37265880157302
2022/11/30,59.811204425781504
2022/12/01,47.92924748383657
2022/12/02,44.24865026994601
2022/12/05,32.842431513697264
2022/12/06,44.831866959941344
2022/12/07,42.828600946477366
2022/12/08,32.78994201159768
2022/12/09,63.57328534293142
2022/12/12,31.238918882890086
2022/12/13,58.533126707991734
2022/12/14,42.49983336666
2022/12/15,50.656368726254755
2022/12/16,45.60254615743518
2022/12/19,36.285409584749715
2022/12/20,37.65246950609878
2022/12/21,94.47860427914418
2022/12/22,73.26717989735386
2022/12/23,33.13953875891488
2022/12/27,30.482236885956144
2022/12/28,80.82300206625341
2022/12/29,69.91901619676065
2022/12/30,32.802272878757584
2023/01/03,37.219056188762245
2023/01/04,57.099246817303204
2023/01/05,34.36196094114511
2023/01/06,54.843697927081244
2023/01/09,50.46440711857628
2023/01/10,29.479104179164167
2023/01/11,45.64653735919483
2023/01/12,43.53012730787176
2023/01/13,42.364360461241084
2023/01/17,33.47713790575219
2023/01/18,58.806905285609545
2023/01/19,37.33886556022129
2023/01/20,40.68219689395454
2023/01/23,54.29347463840565
2023/01/24,36.14743717923082
2023/01/25,51.09928014397121
2023/01/26,49.66073451976271
2023/01/27,69.71455708858228
2023/01/30,41.54635739518763
2023/01/31,30.51606345397587
2023/02/01,56.768812904085856
2023/02/02,71.2982403519296
2023/02/03,64.0988468972872
2023/02/06,40.05298940211958
2023/02/07,46.39938678930881
2023/02/08,44.992001599680066
2023/02/09,43.708758248350335
2023/02/10,41.86129440778511
2023/02/13,36.671998933546625
2023/02/14,41.28940878490969
2023/02/15,33.3001732986736
2023/02/16,44.91984936346064
2023/02/17,43.439978670932476
2023/02/21,47.47200559888022
2023/02/22,48.09004865693528
2023/02/23,47.92024928347664
2023/02/24,49.229320802506166
2023/02/27,36.10827834433113
2023/02/28,35.26877957741785
2023/03/01,47.105412250883155
2023/03/02,42.019096180763846
2023/03/03,50.91415050323269
2023/03/06,43.66376724655069
2023/03/07,40.23428647603813
2023/03/08,35.522062254215825
2023/03/09,52.96524028527628
2023/03/10,51.350229954009194
2023/03/13,48.39715390255282
2023/03/14,41.57651802972739
2023/03/15,41.68616276744651
2023/03/16,60.758015063653936
2023/03/17,48.77857761780977
2023/03/20,31.9751049790042
2023/03/21,47.55365593547957
2023/03/22,46.375558221689
2023/03/23,53.14120509231487
2023/03/24,44.915683529960674
2023/03/27,38.628274345130976
2023/03/28,38.35666200093314
2023/03/29,46.68449643404652
2023/03/30,53.00173298673598
2023/03/31,69.3876224755049
2023/04/03,42.9879024195161
2023/04/04,37.681130440578556
2023/04/05,40.454409118176365
2023/04/06,42.99340131973605
2023/04/10,37.19356128774245
2023/04/11,43.322002266213424
2023/04/12,45.26378057721789
2023/04/13,45.383423315336934
2023/04/14,48.75774845030994
2023/04/17,36.91078450976472
2023/04/18,42.75728187695794
2023/04/19,32.431347063920555
2023/04/20,55.903485969472776
2023/04/21,43.20952476171433
2023/04/24,38.66943278011065
2023/04/25,50.1004799040192
2023/04/26,46.542858095047656
2023/04/27,48.71592348197027
2023/04/28,44.96733986536026
2023/05/01,37.5253282676798
2023/05/02,40.24361794307805
2023/05/03,30.355595547557158
2023/05/04,33.84489768712924
2023/05/05,55.15996800639872
2023/05/08,42.94524428447644
2023/05/09,27.094581083783243
2023/05/10,49.45394254482437
2023/05/11,36.39288808904886
2023/05/12,36.04929014197161
2023/05/15,29.69522762114244
2023/05/16,37.83176697993735
2023/05/17,47.30587215890155
2023/05/18,63.74341798307005
2023/05/19,39.78987535826168
2023/05/22,31.05162300873159
2023/05/23,42.48050389922015
2023/05/24,42.752449510097975
2023/05/25,46.37239218822902
2023/05/26,56.608678264347134
2023/05/30,43.56761980937146
2023/05/31,33.297340531893624
2023/06/01,43.75974805038992
2023/06/02,43.293841231753646
2023/06/05,46.14043857895088
2023/06/06,34.80170632540159
2023/06/07,62.63947210557889
2023/06/08,58.69476104779044
2023/06/09,50.82250216623342
2023/06/12,47.39752049590082
2023/06/13,59.977337865760184
2023/06/14,59.43078051056455
2023/06/15,56.98127041258415
2023/06/16,51.758981537025925
2023/06/20,50.90298606945277
2023/06/21,51.480537225888156
2023/06/22,47.83093381323735
2023/06/23,41.994434446444046
2023/06/26,53.33799906685329
2023/06/27,46.62284209824702
2023/06/28,47.515663533959874
2023/06/29,38.93837899086849
2023/06/30,54.85819502766114
2023/07/03,20.070819169499433
2023/07/05,38.315170299273476
2023/07/06,64.34713057388522
2023/07/07,47.66729987335866
2023/07/10,47.89108844897687
2023/07/11,41.935279610744516
2023/07/12,60.933146703992534
2023/07/13,52.9009198160368
2023/07/14,56.15493567953076
2023/07/17,42.80760514563754
2023/07/18,54.97167233220023
2023/07/19,52.079750716523364
2023/07/20,79.12367526494701
2023/07/21,53.03889222155569
2023/07/24,42.14690395254282
2023/07/25,37.8617609811371
2023/07/26,45.954809038192366
2023/07/27,74.5997467173232
2023/07/28,60.766346730653865
2023/07/31,38.282510164633734
2023/08/01,47.77861094447778
2023/08/02,66.64400453242685
2023/08/03,52.656968606278745
2023/08/04,68.51862960741185
2023/08/07,54.50593214690396
2023/08/08,51.457375191628344
2023/08/09,57.14607078584283
2023/08/10,68.17086582683464
2023/08/11,63.12920749183497
2023/08/14,54.142004932346865
2023/08/15,54.199993334666395
2023/08/16,93.54229154169165
2023/08/17,71.55718856228755
2023/08/18,73.70225954809038
2023/08/21,71.55452242884756
2023/08/22,51.87362527494501
2023/08/23,54.8003732586816
2023/08/24,66.88062387522496
2023/08/25,69.53475971472372
2023/08/28,48.91005132306872
2023/08/29,72.07908418316336
2023/08/30,59.7880423915217
2023/08/31,50.435579550756515
2023/09/01,41.67899753382657
2023/09/05,37.11024461774311
2023/09/06,47.21772312204226
2023/09/07,49.64857028594281
2023/09/08,43.02122908751583
2023/09/11,42.863094047857096
2023/09/12,46.217756448710254
2023/09/13,42.353362660801174
2023/09/14,51.95160967806439
2023/09/15,59.628574285142975
2023/09/18,42.649136839298805
2023/09/19,46.79264147170566
2023/09/20,43.38598946877291
2023/09/21,65.2362860761181
2023/09/22,59.50893154702393
2023/09/25,44.596080783843234
2023/09/26,65.08131706991935
2023/09/27,58.70742518163035
2023/09/28,51.23541958275012
2023/09/29,61.2997400519896
2023/10/02,52.793774578417654
2023/10/03,57.889422115576885
2023/10/04,55.52139572085583
2023/10/05,44.64573751916283
2023/10/06,71.99576751316403
2023/10/09,43.085216290075316
2023/10/10,56.51553022728788
2023/10/11,53.88655602212891
2023/10/12,59.06352062920749
2023/10/13,61.96527361194428
2023/10/16,51.140938478970874
2023/10/17,55.977304539092174
2023/10/18,70.98097047257215
2023/10/19,74.46843964540425
2023/10/20,70.5627207891755
2023/10/23,68.54879024195161
2023/10/24,52.468506298740245
2023/10/25,80.28810904485769
2023/10/26,82.61714323801907
2023/10/27,54.32230220622542
2023/10/30,61.48087049256815
2023/10/31,47.8999200159968
2023/11/01,48.99186829300807
2023/11/02,53.7745784176498
2023/11/03,49.919182830100645
2023/11/06,40.66403385989469
2023/11/07,52.128740918482976
2023/11/08,36.95377591148437
2023/11/09,56.09861361061122
2023/11/10,55.249283476638
2023/11/13,42.84643071385723
2023/11/14,53.81990268612944
2023/11/15,42.59914683729921
2023/11/16,40.080817169899355
2023/11/17,36.387222555488904
2023/11/20,47.567986402719455
2023/11/21,36.61900953142705
2023/11/22,44.550756515363595
2023/11/24,18.117043258015066
2023/11/27,55.1754649070186
2023/11/28,36.65450243284676
2023/11/29,46.86012797440512
2023/11/30,48.139205492234886
2023/12/01,43.71625674865027
2023/12/04,55.87749116843298
2023/12/05,39.877357861760984
2023/12/06,43.33449976671332
2023/12/07,41.282076917949745
2023/12/08,44.107845097647136
2023/12/11,52.63363993867893
2023/12/12,53.08654935679531
2023/12/13,58.301672998733586
2023/12/14,62.503665933479965
2023/12/15,52.33086715990135
2023/12/18,46.12710791175098
2023/12/19,46.83213357328535
2023/12/20,60.27877757781776
2023/12/21,48.10204625741518
2023/12/22,42.80543891221756
2023/12/26,43.360661201093116
2023/12/27,44.36062787442511
2023/12/28,39.87602479504099
2023/12/29,44.62207558488303
2024/01/02,58.07121908951544
2024/01/03,49.697060587882426
2024/01/04,41.484703059388124
2024/01/05,45.8998200359928
2024/01/08,54.07318536292741
2024/01/09,42.06991934946344
2024/01/10,52.27004599080184
2024/01/11,46.55752182896754
2024/01/12,40.64837032593481
2024/01/16,55.379257481836966
2024/01/17,55.58338332333533
2024/01/18,58.107545157635144
2024/01/19,75.24395120975805
2024/01/22,52.62847430513897
2024/01/23,40.162134239818705
2024/01/24,69.31880290608545
2024/01/25,53.32800106645338
2024/01/26,50.43474638405652
2024/01/29,63.53279344131174
2024/01/30,47.093581283743255
2024/01/31,69.51093114710392
2024/02/01,45.39692061587682
2024/02/02,58.91638338998867
2024/02/05,49.97700459908018
2024/02/06,65.44424448443644
2024/02/07,57.85876158101713
2024/02/08,41.63250683196694
2024/02/09,47.22122242218223
2024/02/12,54.288309004865695
2024/02/13,72.63597280543891
2024/02/14,52.580817169899355
2024/02/15,47.92291541691662
2024/02/16,64.87535826168099
2024/02/20,67.38552289542092
2024/02/21,65.80867159901354
2024/02/22,75.61937612477504
2024/02/23,61.45587549156836
2024/02/26,44.945510897820434
2024/02/27,42.234386456042124
2024/02/28,45.863327334533096
2024/02/29,61.67649803372659
2024/03/01,71.65833499966674
2024/03/04,49.39728720922482
2024/03/05,74.24898353662601
2024/03/06,55.910984469772714
2024/03/07,49.97200559888022
2024/03/08,75.49123508631607
2024/03/11,51.590681863627275
2024/03/12,62.964907018596286
2024/03/13,46.67983070052656
2024/03/14,52.43867893088049
2024/03/15,64.1375058321669
2024/03/18,52.74445110977805
2024/03/19,54.03335999466773
2024/03/20,49.20315936812638
2024/03/21,64.46444044524429
2024/03/22,46.68932880090649
2024/03/25,47.506332066919946
2024/03/26,46.41521695660868
2024/03/27,56.9744384456442
2024/03/28,55.38992201559688
2024/04/01,58.73458641605013
2024/04/02,52.35802839432113
2024/04/03,77.22788775578218
2024/04/04,80.29460774511764
2024/04/05,71.33090048656935
2024/04/08,47.378191028460975
2024/04/09,51.106278744251156
2024/04/10,55.26428047723788
2024/04/11,65.03665933479971
2024/04/12,72.6621342398187
2024/04/15,72.30320602546158
2024/04/16,53.77741118442978
2024/04/17,93.18669599413451
2024/04/18,85.29894021195761
2024/04/19,94.49376791308404
2024/04/22,67.10057988402319
2024/04/23,59.98600279944011
2024/04/24,53.84239818702926
2024/04/25,58.15603545957475
2024/04/26,58.06372058921549
2024/04/29,59.296807305205625
2024/04/30,47.589315470239285
2024/05/01,53.146537359194824
2024/05/02,56.32140238618943
2024/05/03,60.77634473105379
2024/05/06,41.994267813104045
2024/05/07,43.905218956208756
2024/05/08,41.77314537092581
2024/05/09,52.52032926747984
2024/05/10,48.58328334333134
2024/05/13,35.13114043857895
2024/05/14,49.853529294141175
2024/05/15,81.07478504299141
2024/05/16,41.60217956408718
2024/05/17,41.27924415116976
2024/05/20,42.79744051189762
2024/05/21,33.19369459441445
2024/05/22,36.04329134173165
2024/05/23,66.05428914217157
2024/05/24,49.76488035726188
2024/05/28,39.924348463640605
2024/05/29,31.704159168166367
2024/05/30,53.03555955475572
2024/05/31,71.11677664467106
2024/06/03,57.85976138105712
2024/06/04,54.913184029860695
2024/06/05,56.89945344264481
2024/06/06,39.325968139705395
2024/06/07,46.9629407451843
2024/06/10,44.141838299006864
2024/06/11,36.717489835366266
2024/06/12,65.02132906751983
2024/06/13,49.669732720122646
2024/06/14,41.612177564487105
2024/06/17,64.79570752516165
2024/06/18,43.2123575284943
2024/06/20,44.655735519562754
2024/06/21,44.90685196294075
2024/06/24,43.804239152169565
2024/06/25,30.54005865493568
2024/06/26,32.78377657801773
2024/06/27,24.75121642338199
2024/06/28,43.83506632006932
2024/07/01,29.799373458641604
2024/07/02,39.53159368126375
2024/07/03,34.74138505632207
2024/07/05,44.422448843564624
2024/07/08,41.27241218422982
2024/07/09,47.059421449043526
2024/07/10,50.217623142038256
2024/07/11,71.1506032126908
2024/07/12,55.15863493967873
2024/07/15,55.63720589215491
2024/07/16,50.32410184629741
2024/07/17,74.55625541558355
2024/07/18,71.87495834166499
2024/07/19,72.06625341598347
2024/07/22,53.999033526628004
2024/07/23,41.92194894354462
2024/07/24,91.7873092048257
2024/07/25,100.0
2024/07/26,51.191428380990466
2024/07/29,45.67286542691462
2024/07/30,59.03302672798774
2024/07/31,50.25044991001799
2024/08/01,62.81710324601746
2024/08/02,65.38042391521695
2024/08/05,54.622575484903024
2024/08/06,51.34189828700927
2024/08/07,57.62914083849897
2024/08/08,68.78557621808972
2024/08/09,53.183529960674534
2024/08/12,46.67249883356662
2024/08/13,50.99880023995201
2024/08/14,53.55612210891155
2024/08/15,63.58411651003133
2024/08/16,38.28334333133373
2024/08/19,49.66989935346264
2024/08/20,48.42248217023262
2024/08/21,40.342598147037265
2024/08/22,63.3130040658535
2024/08/23,49.48626941278411
2024/08/26,56.49770045990802
2024/08/27,38.641605012330864
2024/08/28,50.75651536359395
2024/08/29,48.49096847297207
2024/08/30,47.90391921615677
2024/09/03,69.05235619542758
2024/09/04,48.48630273945211
2024/09/05,46.638672265546894
2024/09/06,62.254215823501966
2024/09/09,51.679497433846564
2024/09/10,68.75924815036993
2024/09/11,74.78187695794173
2024/09/12,62.73195360927814
2024/09/13,45.93181363727255
2024/09/16,59.0760181297074
2024/09/17,70.6628674265147
2024/09/18,49.300973138705594
2024/09/19,82.19822702126241
2024/09/20,75.79300806505366
2024/09/23,55.04382456841965
2024/09/24,41.79147503832567
2024/09/25,41.22208891555022
2024/09/26,56.741318402986074
2024/09/27,48.67859761381057
2024/09/30,71.24858361661
2024/10/01,74.77654469106179
2024/10/02,40.94464440445244
2024/10/03,51.10761181097114
2024/10/04,64.4489435446244
2024/10/07,49.09184829700727
2024/10/08,50.91881623675265
2024/10/09,54.44411117776444
2024/10/10,48.98920215956809
2024/10/11,41.634339798706925
2024/10/14,45.426914617076584
2024/10/15,68.19486102779445
2024/10/16,45.97730453909218
2024/10/17,54.6134106512031
2024/10/18,40.3632606811971
2024/10/21,52.320869159501434
2024/10/22,63.93537959074852
2024/10/23,70.63087382523496
2024/10/24,48.43164700393255
2024/10/25,66.81746983936546
2024/10/28,45.18962874091848
2024/10/29,53.092381523695266
2024/10/30,61.931280410584556
2024/10/31,68.22568819569419
2024/11/01,52.80993801239752
2024/11/04,50.42158235019662
2024/11/05,52.00343264680397
2024/11/06,55.53605945477571
2024/11/07,60.791175098313666
2024/11/08,39.06951942944744
2024/11/11,42.640471905618874
2024/11/12,66.62717456508697
2024/11/13,45.09864693727921
2024/11/14,61.6751649670066
2024/11/15,89.79254149170166
2024/11/18,60.85349596747317
2024/11/19,57.856928614277145
2024/11/20,52.5384923015397
2024/11/21,73.43781243751249
2024/11/22,51.929447443844566
2024/11/25,67.4871692328201
2024/11/26,62.09641405052323
2024/11/27,52.886922615476905
2024/11/29,36.62017596480704
2024/12/02,68.02022928747584
2024/12/03,49.20849163500633
2024/12/04,48.719756048790245
2024/12/05,44.86919282810105
2024/12/06,42.63114043857895
2024/12/09,45.124975004999
2024/12/10,46.51136439378791
2024/12/11,60.46590681863627
2024/12/12,41.8629607411851
2024/12/13,65.47257215223622
2024/12/16,54.23481970272612
2024/12/17,52.539825368259685
2024/12/18,56.19859361461042
2024/12/19,58.081883623275345
2024/12/20,67.30553889222155
2024/12/23,55.58688262347531
2024/12/24,40.077484503099384
2024/12/26,41.518862894087846
2024/12/27,66.46970605878825
2024/12/30,50.1762980737186
2024/12/31,62.81460374591749
2025/01/02,66.78114377124575
2025/01/03,46.73398653602613
2025/01/06,54.003699260147975
2025/01/07,72.15223621942279
